Number,Frequency,Example_Sentence
1,3,"1857 и 1858 гг.
 
     Впервые полностью опубликован в журнале ""Отечественные записки"",
     январь-апрель 1859 г."
8,4,"1857 и 1858 гг.
 
     Впервые полностью опубликован в журнале ""Отечественные записки"",
     январь-апрель 1859 г."
5,3,"1857 и 1858 гг.
 
     Впервые полностью опубликован в журнале ""Отечественные записки"",
     январь-апрель 1859 г."
7,1,"1857 и 1858 гг.
 
     Впервые полностью опубликован в журнале ""Отечественные записки"",
     январь-апрель 1859 г."
9,1,"1857 и 1858 гг.
 
     Впервые полностью опубликован в журнале ""Отечественные записки"",
     январь-апрель 1859 г."
