name,year_born,year_death,live
АБАЗА,1882,1936,54
АБАКУМОВ,1891,1980,89
АБАКУМОВ,1885,1973,88
АБАМЕЛЕК,1852,1923,71
АБАЦИЕВ,1857,1936,79
АБАЦИЕВ,1890,1983,93
АБАЦВЕВА,1872,1964,92
УБАШЕВА,1887,1937,50
АГБДАНК,1885,1962,77
АБДАНК,1918,1994,76
АБЕЛЬСОН,1863,1932,69
АБЕЛЬСОН,1871,1934,63
АБРАГАМСОН,1854,1924,70
АБРАМОВ,1920,1920,0
АБРАМОВ,1856,1923,67
АБРАМОВ,1889,1971,82
АБРАМОВ,1870,1963,93
АБРАМС,1861,1935,74
АБРОСИМОВ,1870,1929,59
АБХАЗА,1881,1942,61
АВАКНЯНЦ,1893,1978,85
АВГУСТИНОВИЧ,1897,1953,56
АВДАЛОВИЧ,1556,1934,378
АВДЕЕВА,1913,1928,15
АВДИРЕВ,1872,1945,73
АВЕДОВА,1920,1947,27
АВЕРБУХ,1871,1929,58
АВЕРБУХ,1888,1930,42
АВЕРИН,1875,1932,57
АВЕРЧЕНКО,1881,1925,44
АВЕРЬЯНОВ,1900,1921,21
АВЕРЬЯНОВ,1867,1937,70
АВИЛОВ,1892,1942,50
АВИН,1867,1935,68
АВИНОВА,1882,1975,93
АВКСЕНТЬЕВ,1878,1943,65
АВСЕКНКО,1896,1941,45
АВСТРИЦ,1858,1925,67
АВТАМОНОВ,1885,1929,44
АВТОНОМОВ,1865,1928,63
АВТОНОМОВ,1876,1931,55
АВТОНОМОВ,1885,1976,91
АВТОРХАНОВ,1908,1997,89
АВШАРОВ,1922,1995,73
АВЬЕРИНО,1903,1990,87
АВЬЕРИНО,1871,1372,-499
АТАДЖАНЯН,1893,1970,77
АГАДЖАНЯН,1876,1955,79
АГАПЕЕВ,1876,1956,80
АГАПЕЕВ,1877,1948,71
АГАПИТОВСКИЙ,1900,1944,44
АГАПОВ,1890,1973,83
АГАРКОВ,1871,1933,62
АГАРОНОВ,1939,1997,58
АГАФОНОВ,1905,1926,21
АГОЕВ,1889,1971,82
АГОЕВА,1895,1929,34
АГРЕНЕВА,1881,1964,83
АГРИКОЛЯНСКИЙ,1896,1962,66
АГТЕ,1866,1922,56
АГУРСКИЙ,1933,1991,58
АДАМАНТОВ,1871,1960,89
АДАМОВ,1894,1975,81
АДАМОВ,1858,1988,130
АДАМОВА,1900,1926,26
АДАМОВА,1900,1982,82
АДАМОВИЧ,1870,1936,66
АДАМОВНЧ,1892,1972,80
АДАМОВИЧ,1879,1926,47
АДАРИДН,1859,1940,81
АДЕКНОВ,1693,1932,239
АДЕКСАНДРОВ,1886,1970,84
АДЕЛЬГЕЙМ,1892,1931,39
АДЛЕР,1886,1930,44
АДЛЕРБЕРГ,1849,1931,82
АДЛЕРБЕРГ,1903,1969,66
АДЛЕРБЕРГ,1872,1944,72
АДЛЕРБЕРГ,1890,1983,93
АДОНЦ,1873,1942,69
АЗАРЕНКО,1891,1957,66
АЗАРЕНКО,1885,1964,79
АЗАРОВСКИЙ,1881,1931,50
АИТОВ,1879,1963,84
АИТОВ,1852,1933,81
АИНТОВА,1877,1969,92
АЙВАЗ,1860,1930,70
АЙЗЕНШТ,1866,1937,71
АЙЗЕНТИТАДТ,1900,1970,70
АЙЗЕНШТЕЙН,1865,1931,66
АЙХЕНВАЛЬД,1872,1928,56
АКБЕРДНИН,1873,1936,63
АКИМЕНКО,1876,1945,69
АКИМОВ,1890,1938,48
АКИМОВ,1851,1924,73
АКИМОВА,1798,1933,135
АККЕРМАН,1901,1936,35
АККЕРМАН,1854,1924,70
АКОПЬЯНЦ,1910,1928,18
АКСЕНОВ,1900,1960,60
АКСЕНОВ,1893,1963,70
АКСЕНОВ,1898,1921,23
АКСЕНОВА,1902,1954,52
АКСЕНОВА,1928,1929,1
АКУЛИНИН,1883,1944,61
АКУЛЬШИН,1896,1988,92
АКЦЫНОВ,1877,1936,59
АЛАБОВСКИЙ,1893,1974,81
АЛАДЖИДИ,1903,1973,70
АЛАДЖИДИ,1904,1993,89
АЛАКОЗОВ,1891,1972,81
АЛАЛЫКИН,1880,1932,52
АЛАФУЗОВ,1891,1930,39
АЛАХАЛЕЛА,1894,1931,37
АЛДАН,1904,1957,53
АЛЕЙНИКОВ,1888,1935,47
АЛЕЙНИКОВ,1861,1926,65
АЛЕКИН,1004,1942,938
АЛЕКСАНДЕР,1882,1930,48
АЛЕКСАНДР,1866,1933,67
АЛЕКСАНДРОВ,1898,1969,71
АЛЕКСАНДРОВ,1896,1962,66
АЛЕКСАНДРОВ,1875,1936,61
АЛЕКСАНДРОВ,1888,1928,40
АЛЕКСАНДРОВ,1886,1970,84
АЛЕКСАНДРОВ,1898,1978,80
АЛЕКСАНДРОВ,1910,1984,74
АЛЕКСАНДРОВА,1876,1969,93
АЛЕКСАНДРОВА,1878,1976,98
АЛЕКСАНДРОВА,1898,1984,86
АЛЕКСАНДРОВА,1905,1927,22
АЛЕКСАНДРОВА,1953,1997,44
АЛЕКСАНДРОВА,1879,1975,96
АЛЕКСАНДРОВА,1904,1997,93
АЛЕКСАНДРОВИЧ,1889,1933,44
АЛЕКСАНДРОВИЧ,1889,1928,39
АЛЕКСБЕВ,1894,1930,36
АЛЕКСЕЕВ,1909,1974,65
АЛЕКСЕЕВ,1891,1975,84
АЛЕКСЕЕВ,1891,1937,46
АЛЕКСКЕВ,1879,1964,85
АЛЕКСЕЕВВ,1875,1955,80
АЛЕКСЕЕВ,1907,1935,28
АЛЕКСЕВЕВ,1870,1945,75
АЛЕКСЕЕВ,1898,1941,43
АЛЕКСЕЕВ,1880,1967,87
АЛВЕКСЕЕВ,1894,1964,70
АЛЕКСЕЕВА,1892,1972,80
АЛЕКСЕЕВА,1899,1944,45
АЛЕКСИНСКАХ,1897,1929,32
АЛЕКСИНСКИЙ,1910,1955,45
АЛЕКСИНСКИЙ,1879,1967,88
АЛЕКСИНСКИЙ,1941,1988,47
АЛЕХИН,1892,1946,54
АЛЕШИН,1896,1962,66
АЛЕЩЕНКО,1900,1983,83
АЛЕЩЕНКО,1929,1974,45
АЛЕЩЕНКО,1892,1984,92
АЛИВЛАНОВ,1896,1940,44
АЛИМОВА,1878,1970,92
АЛИМОВА,1899,1972,73
АЛИФАНОВ,1900,1968,68
АЛЛОГУЛОВ,1861,1931,70
АЛОН,1953,1985,32
АЛПАТОВ,1891,1943,52
АЛПАТЬЕВ,1887,1975,88
АЛТУХОВА,1876,1945,69
АЛФЕРОВ,1848,1929,81
АЛФЕРОВА,1891,1967,76
АЛШЕВСКИЙ,1900,1921,21
АЛЫМОВ,1904,1976,72
АЛЫМОВ,1857,1934,77
АЛЬБАМ,1872,1928,56
АЛЬБЕДИЛЬ,1898,1970,72
АЛЬБЕРТОВ,1873,1928,55
АЛЬБОВ,1868,1928,60
АЛЬБРАНД,1900,1980,80
АЛЬБРЕХТ,1923,1989,66
АЛЬБРЕХТ,1890,1945,55
АЛЬТФАТЕР,1814,1931,117
АЛЯКРИТСКИЙ,1896,1972,76
АЛЯНЧИКОВ,1874,1936,62
АМАЛЬРИК,1938,1980,42
АМАСИЙСКИЙ,1887,1964,77
АМБУРГРР,1901,1979,78
АМЕЛУНГ,1856,1928,72
АБАЗА,1882,1936,54
АБАКУМОВ,1891,1980,89
АБАКУМОВ,1885,1973,88
АБАМЕЛЕК,1852,1923,71
АБАЦИЕВ,1857,1936,79
АБАЦИЕВ,1890,1983,93
АБАЦВЕВА,1872,1964,92
УБАШЕВА,1887,1937,50
АГБДАНК,1885,1962,77
АБДАНК,1918,1994,76
АБЕЛЬСОН,1863,1932,69
АБЕЛЬСОН,1871,1934,63
АБРАГАМСОН,1854,1924,70
АБРАМОВ,1920,1920,0
АБРАМОВ,1856,1923,67
АБРАМОВ,1889,1971,82
АБРАМОВ,1870,1963,93
АБРАМС,1861,1935,74
АБРОСИМОВ,1870,1929,59
АБХАЗА,1881,1942,61
АВАКНЯНЦ,1893,1978,85
АВГУСТИНОВИЧ,1897,1953,56
АВДАЛОВИЧ,1556,1934,378
АВДЕЕВА,1913,1928,15
АВДИРЕВ,1872,1945,73
АВЕДОВА,1920,1947,27
АВЕРБУХ,1871,1929,58
АВЕРБУХ,1888,1930,42
АВЕРИН,1875,1932,57
АВЕРЧЕНКО,1881,1925,44
АВЕРЬЯНОВ,1900,1921,21
АВЕРЬЯНОВ,1867,1937,70
АВИЛОВ,1892,1942,50
АВИН,1867,1935,68
АВИНОВА,1882,1975,93
АВКСЕНТЬЕВ,1878,1943,65
АВСЕКНКО,1896,1941,45
АВСТРИЦ,1858,1925,67
АВТАМОНОВ,1885,1929,44
АВТОНОМОВ,1865,1928,63
АВТОНОМОВ,1876,1931,55
АВТОНОМОВ,1885,1976,91
АВТОРХАНОВ,1908,1997,89
АВШАРОВ,1922,1995,73
АВЬЕРИНО,1903,1990,87
АВЬЕРИНО,1871,1372,-499
АТАДЖАНЯН,1893,1970,77
АГАДЖАНЯН,1876,1955,79
АГАПЕЕВ,1876,1956,80
АГАПЕЕВ,1877,1948,71
АГАПИТОВСКИЙ,1900,1944,44
АГАПОВ,1890,1973,83
АГАРКОВ,1871,1933,62
АГАРОНОВ,1939,1997,58
АГАФОНОВ,1905,1926,21
АГОЕВ,1889,1971,82
АГОЕВА,1895,1929,34
АГРЕНЕВА,1881,1964,83
АГРИКОЛЯНСКИЙ,1896,1962,66
АГТЕ,1866,1922,56
АГУРСКИЙ,1933,1991,58
АДАМАНТОВ,1871,1960,89
АДАМОВ,1894,1975,81
АДАМОВ,1858,1988,130
АДАМОВА,1900,1926,26
АДАМОВА,1900,1982,82
АДАМОВИЧ,1870,1936,66
АДАМОВНЧ,1892,1972,80
АДАМОВИЧ,1879,1926,47
АДАРИДН,1859,1940,81
АДЕКНОВ,1693,1932,239
АДЕКСАНДРОВ,1886,1970,84
АДЕЛЬГЕЙМ,1892,1931,39
АДЛЕР,1886,1930,44
АДЛЕРБЕРГ,1849,1931,82
АДЛЕРБЕРГ,1903,1969,66
АДЛЕРБЕРГ,1872,1944,72
АДЛЕРБЕРГ,1890,1983,93
АДОНЦ,1873,1942,69
АЗАРЕНКО,1891,1957,66
АЗАРЕНКО,1885,1964,79
АЗАРОВСКИЙ,1881,1931,50
АИТОВ,1879,1963,84
АИТОВ,1852,1933,81
АИНТОВА,1877,1969,92
АЙВАЗ,1860,1930,70
АЙЗЕНШТ,1866,1937,71
АЙЗЕНТИТАДТ,1900,1970,70
АЙЗЕНШТЕЙН,1865,1931,66
АЙХЕНВАЛЬД,1872,1928,56
АКБЕРДНИН,1873,1936,63
АКИМЕНКО,1876,1945,69
АКИМОВ,1890,1938,48
АКИМОВ,1851,1924,73
АКИМОВА,1798,1933,135
АККЕРМАН,1901,1936,35
АККЕРМАН,1854,1924,70
АКОПЬЯНЦ,1910,1928,18
АКСЕНОВ,1900,1960,60
АКСЕНОВ,1893,1963,70
АКСЕНОВ,1898,1921,23
АКСЕНОВА,1902,1954,52
АКСЕНОВА,1928,1929,1
АКУЛИНИН,1883,1944,61
АКУЛЬШИН,1896,1988,92
АКЦЫНОВ,1877,1936,59
АЛАБОВСКИЙ,1893,1974,81
АЛАДЖИДИ,1903,1973,70
АЛАДЖИДИ,1904,1993,89
АЛАКОЗОВ,1891,1972,81
АЛАЛЫКИН,1880,1932,52
АЛАФУЗОВ,1891,1930,39
АЛАХАЛЕЛА,1894,1931,37
АЛДАН,1904,1957,53
АЛЕЙНИКОВ,1888,1935,47
АЛЕЙНИКОВ,1861,1926,65
АЛЕКИН,1004,1942,938
АЛЕКСАНДЕР,1882,1930,48
АЛЕКСАНДР,1866,1933,67
АЛЕКСАНДРОВ,1898,1969,71
АЛЕКСАНДРОВ,1896,1962,66
АЛЕКСАНДРОВ,1875,1936,61
АЛЕКСАНДРОВ,1888,1928,40
АЛЕКСАНДРОВ,1886,1970,84
АЛЕКСАНДРОВ,1898,1978,80
АЛЕКСАНДРОВ,1910,1984,74
АЛЕКСАНДРОВА,1876,1969,93
АЛЕКСАНДРОВА,1878,1976,98
АЛЕКСАНДРОВА,1898,1984,86
АЛЕКСАНДРОВА,1905,1927,22
АЛЕКСАНДРОВА,1953,1997,44
АЛЕКСАНДРОВА,1879,1975,96
АЛЕКСАНДРОВА,1904,1997,93
АЛЕКСАНДРОВИЧ,1889,1933,44
АЛЕКСАНДРОВИЧ,1889,1928,39
АЛЕКСБЕВ,1894,1930,36
АЛЕКСЕЕВ,1909,1974,65
АЛЕКСЕЕВ,1891,1975,84
АЛЕКСЕЕВ,1891,1937,46
АЛЕКСКЕВ,1879,1964,85
АЛЕКСЕЕВВ,1875,1955,80
АЛЕКСЕЕВ,1907,1935,28
АЛЕКСЕВЕВ,1870,1945,75
АЛЕКСЕЕВ,1898,1941,43
АЛЕКСЕЕВ,1880,1967,87
АЛВЕКСЕЕВ,1894,1964,70
АЛЕКСЕЕВА,1892,1972,80
АЛЕКСЕЕВА,1899,1944,45
АЛЕКСИНСКАХ,1897,1929,32
АЛЕКСИНСКИЙ,1910,1955,45
АЛЕКСИНСКИЙ,1879,1967,88
АЛЕКСИНСКИЙ,1941,1988,47
АЛЕХИН,1892,1946,54
АЛЕШИН,1896,1962,66
АЛЕЩЕНКО,1900,1983,83
АЛЕЩЕНКО,1929,1974,45
АЛЕЩЕНКО,1892,1984,92
АЛИВЛАНОВ,1896,1940,44
АЛИМОВА,1878,1970,92
АЛИМОВА,1899,1972,73
АЛИФАНОВ,1900,1968,68
АЛЛОГУЛОВ,1861,1931,70
АЛОН,1953,1985,32
АЛПАТОВ,1891,1943,52
АЛПАТЬЕВ,1887,1975,88
АЛТУХОВА,1876,1945,69
АЛФЕРОВ,1848,1929,81
АЛФЕРОВА,1891,1967,76
АЛШЕВСКИЙ,1900,1921,21
АЛЫМОВ,1904,1976,72
АЛЫМОВ,1857,1934,77
АЛЬБАМ,1872,1928,56
АЛЬБЕДИЛЬ,1898,1970,72
АЛЬБЕРТОВ,1873,1928,55
АЛЬБОВ,1868,1928,60
АЛЬБРАНД,1900,1980,80
АЛЬБРЕХТ,1923,1989,66
АЛЬБРЕХТ,1890,1945,55
АЛЬТФАТЕР,1814,1931,117
АЛЯКРИТСКИЙ,1896,1972,76
АЛЯНЧИКОВ,1874,1936,62
АМАЛЬРИК,1938,1980,42
АМАСИЙСКИЙ,1887,1964,77
АМБУРГРР,1901,1979,78
АМЕЛУНГ,1856,1928,72
АМИЛАХНАРИ,1874,1948,74
АМФИТЕАТРОВ,1862,1938,76
АМФИТЕАТРОВ,1889,1942,53
АНАНЬИН,1887,1962,75
АНАСТАСИЙ,1872,1965,93
АНАСТАСИЯ,1867,1935,68
АНАЦКИЙ,1893,1921,28
АНГИЛЕВ,1878,1951,73
АИДЕРС,1878,1940,62
АНДЕРСОН,1894,1985,91
АНДНО,1889,1965,76
АНДОГСКИЙ,1876,1931,55
АНДОЛЕНКО,1907,1973,66
АНДРЕ,1982,1810,-172
АНДРЕЕВ,1900,1965,65
АНДРЕЕВ,1901,1937,36
АНДРЕЕЛ,1891,1973,82
АНДРЕЕВ,1899,1980,81
АНДРЕЕВ,1887,1958,71
АНДРЕЕВ,1895,1976,81
АНДРЕЕВ,1902,1976,74
АНДРЕВВ,1912,1982,70
АНДРЕЕВ,1894,1973,79
АНДРЕЕВ,1883,1976,93
АНДРЕЕВ,1698,1961,263
АНДРЕРВ,1871,1919,48
АНДРЕЕВ,1868,1926,58
АНИДРЕЕВ,1908,1982,74
АНДРЕЕВ,1838,1927,89
АНДРЕЕВ,1895,1947,52
АНДРЕЕВ,1909,1910,1
АНДРЕЕВ,1858,1926,68
АНДРЕЕВ,1919,1994,75
АНДРЕЕВА,1870,1926,56
АНДРЕЕВА,1851,1920,69
АНДРЕЕВА,1883,1961,78
АНДРЕЕВА,1887,1929,42
АНДРЕЕВА,1903,1971,68
АНДРРЕВА,1883,1918,35
АНДРЕЕВА,1909,1994,85
АНДРЕЕВА,1902,1990,88
АНДРЕЕВА,1890,1947,57
АНДРГЕЕВА,1910,1982,72
АНДРЕЕВА,1907,1987,80
АНДРЕЕВА,1903,1979,76
АНДРЕЕВА,1904,1979,75
АНДРЕЕВА,1869,1938,69
АНДРЕЕВА,1858,1937,79
АНДРЕЕВА,1867,1950,83
АНДРЕЕНСКВЯЙ,1885,1920,35
АНДРЕРЕВСКИЙ,1904,1966,62
АНДРЕЕВСКИЙ,1894,1976,82
АНДРЕЕВСКИЙ,1886,1927,41
АНДРЕЙ,1893,1972,79
АНДРЕЙ,1877,1937,60
АНДРЕЙ,1897,1981,84
АНДРЕЙ,1879,1956,77
АНДРЕННОВ,1884,1938,54
АНДРИАНОВ,1889,1965,76
АНДРИАНОВ,1891,1942,51
АНДРИАЛНОВ,1896,1974,78
АНДРИЕВСКАЯ,1909,1928,19
АБАЗА,1882,1936,54
АБАКУМОВ,1891,1980,89
АБАКУМОВ,1885,1973,88
АБАМЕЛЕК,1852,1923,71
АБАЦИЕВ,1857,1936,79
АБАЦИЕВ,1890,1983,93
АБАЦВЕВА,1872,1964,92
УБАШЕВА,1887,1937,50
АГБДАНК,1885,1962,77
АБДАНК,1918,1994,76
АБЕЛЬСОН,1863,1932,69
АБЕЛЬСОН,1871,1934,63
АБРАГАМСОН,1854,1924,70
АБРАМОВ,1920,1920,0
АБРАМОВ,1856,1923,67
АБРАМОВ,1889,1971,82
АБРАМОВ,1870,1963,93
АБРАМС,1861,1935,74
АБРОСИМОВ,1870,1929,59
АБХАЗА,1881,1942,61
АВАКНЯНЦ,1893,1978,85
АВГУСТИНОВИЧ,1897,1953,56
АВДАЛОВИЧ,1556,1934,378
АВДЕЕВА,1913,1928,15
АВДИРЕВ,1872,1945,73
АВЕДОВА,1920,1947,27
АВЕРБУХ,1871,1929,58
АВЕРБУХ,1888,1930,42
АВЕРИН,1875,1932,57
АВЕРЧЕНКО,1881,1925,44
АВЕРЬЯНОВ,1900,1921,21
АВЕРЬЯНОВ,1867,1937,70
АВИЛОВ,1892,1942,50
АВИН,1867,1935,68
АВИНОВА,1882,1975,93
АВКСЕНТЬЕВ,1878,1943,65
АВСЕКНКО,1896,1941,45
АВСТРИЦ,1858,1925,67
АВТАМОНОВ,1885,1929,44
АВТОНОМОВ,1865,1928,63
АВТОНОМОВ,1876,1931,55
АВТОНОМОВ,1885,1976,91
АВТОРХАНОВ,1908,1997,89
АВШАРОВ,1922,1995,73
АВЬЕРИНО,1903,1990,87
АВЬЕРИНО,1871,1372,-499
АТАДЖАНЯН,1893,1970,77
АГАДЖАНЯН,1876,1955,79
АГАПЕЕВ,1876,1956,80
АГАПЕЕВ,1877,1948,71
АГАПИТОВСКИЙ,1900,1944,44
АГАПОВ,1890,1973,83
АГАРКОВ,1871,1933,62
АГАРОНОВ,1939,1997,58
АГАФОНОВ,1905,1926,21
АГОЕВ,1889,1971,82
АГОЕВА,1895,1929,34
АГРЕНЕВА,1881,1964,83
АГРИКОЛЯНСКИЙ,1896,1962,66
АГТЕ,1866,1922,56
АГУРСКИЙ,1933,1991,58
АДАМАНТОВ,1871,1960,89
АДАМОВ,1894,1975,81
АДАМОВ,1858,1988,130
АДАМОВА,1900,1926,26
АДАМОВА,1900,1982,82
АДАМОВИЧ,1870,1936,66
АДАМОВНЧ,1892,1972,80
АДАМОВИЧ,1879,1926,47
АДАРИДН,1859,1940,81
АДЕКНОВ,1693,1932,239
АДЕКСАНДРОВ,1886,1970,84
АДЕЛЬГЕЙМ,1892,1931,39
АДЛЕР,1886,1930,44
АДЛЕРБЕРГ,1849,1931,82
АДЛЕРБЕРГ,1903,1969,66
АДЛЕРБЕРГ,1872,1944,72
АДЛЕРБЕРГ,1890,1983,93
АДОНЦ,1873,1942,69
АЗАРЕНКО,1891,1957,66
АЗАРЕНКО,1885,1964,79
АЗАРОВСКИЙ,1881,1931,50
АИТОВ,1879,1963,84
АИТОВ,1852,1933,81
АИНТОВА,1877,1969,92
АЙВАЗ,1860,1930,70
АЙЗЕНШТ,1866,1937,71
АЙЗЕНТИТАДТ,1900,1970,70
АЙЗЕНШТЕЙН,1865,1931,66
АЙХЕНВАЛЬД,1872,1928,56
АКБЕРДНИН,1873,1936,63
АКИМЕНКО,1876,1945,69
АКИМОВ,1890,1938,48
АКИМОВ,1851,1924,73
АКИМОВА,1798,1933,135
АККЕРМАН,1901,1936,35
АККЕРМАН,1854,1924,70
АКОПЬЯНЦ,1910,1928,18
АКСЕНОВ,1900,1960,60
АКСЕНОВ,1893,1963,70
АКСЕНОВ,1898,1921,23
АКСЕНОВА,1902,1954,52
АКСЕНОВА,1928,1929,1
АКУЛИНИН,1883,1944,61
АКУЛЬШИН,1896,1988,92
АКЦЫНОВ,1877,1936,59
АЛАБОВСКИЙ,1893,1974,81
АЛАДЖИДИ,1903,1973,70
АЛАДЖИДИ,1904,1993,89
АЛАКОЗОВ,1891,1972,81
АЛАЛЫКИН,1880,1932,52
АЛАФУЗОВ,1891,1930,39
АЛАХАЛЕЛА,1894,1931,37
АЛДАН,1904,1957,53
АЛЕЙНИКОВ,1888,1935,47
АЛЕЙНИКОВ,1861,1926,65
АЛЕКИН,1004,1942,938
АЛЕКСАНДЕР,1882,1930,48
АЛЕКСАНДР,1866,1933,67
АЛЕКСАНДРОВ,1898,1969,71
АЛЕКСАНДРОВ,1896,1962,66
АЛЕКСАНДРОВ,1875,1936,61
АЛЕКСАНДРОВ,1888,1928,40
АЛЕКСАНДРОВ,1886,1970,84
АЛЕКСАНДРОВ,1898,1978,80
АЛЕКСАНДРОВ,1910,1984,74
АЛЕКСАНДРОВА,1876,1969,93
АЛЕКСАНДРОВА,1878,1976,98
АЛЕКСАНДРОВА,1898,1984,86
АЛЕКСАНДРОВА,1905,1927,22
АЛЕКСАНДРОВА,1953,1997,44
АЛЕКСАНДРОВА,1879,1975,96
АЛЕКСАНДРОВА,1904,1997,93
АЛЕКСАНДРОВИЧ,1889,1933,44
АЛЕКСАНДРОВИЧ,1889,1928,39
АЛЕКСБЕВ,1894,1930,36
АЛЕКСЕЕВ,1909,1974,65
АЛЕКСЕЕВ,1891,1975,84
АЛЕКСЕЕВ,1891,1937,46
АЛЕКСКЕВ,1879,1964,85
АЛЕКСЕЕВВ,1875,1955,80
АЛЕКСЕЕВ,1907,1935,28
АЛЕКСЕВЕВ,1870,1945,75
АЛЕКСЕЕВ,1898,1941,43
АЛЕКСЕЕВ,1880,1967,87
АЛВЕКСЕЕВ,1894,1964,70
АЛЕКСЕЕВА,1892,1972,80
АЛЕКСЕЕВА,1899,1944,45
АЛЕКСИНСКАХ,1897,1929,32
АЛЕКСИНСКИЙ,1910,1955,45
АЛЕКСИНСКИЙ,1879,1967,88
АЛЕКСИНСКИЙ,1941,1988,47
АЛЕХИН,1892,1946,54
АЛЕШИН,1896,1962,66
АЛЕЩЕНКО,1900,1983,83
АЛЕЩЕНКО,1929,1974,45
АЛЕЩЕНКО,1892,1984,92
АЛИВЛАНОВ,1896,1940,44
АЛИМОВА,1878,1970,92
АЛИМОВА,1899,1972,73
АЛИФАНОВ,1900,1968,68
АЛЛОГУЛОВ,1861,1931,70
АЛОН,1953,1985,32
АЛПАТОВ,1891,1943,52
АЛПАТЬЕВ,1887,1975,88
АЛТУХОВА,1876,1945,69
АЛФЕРОВ,1848,1929,81
АЛФЕРОВА,1891,1967,76
АЛШЕВСКИЙ,1900,1921,21
АЛЫМОВ,1904,1976,72
АЛЫМОВ,1857,1934,77
АЛЬБАМ,1872,1928,56
АЛЬБЕДИЛЬ,1898,1970,72
АЛЬБЕРТОВ,1873,1928,55
АЛЬБОВ,1868,1928,60
АЛЬБРАНД,1900,1980,80
АЛЬБРЕХТ,1923,1989,66
АЛЬБРЕХТ,1890,1945,55
АЛЬТФАТЕР,1814,1931,117
АЛЯКРИТСКИЙ,1896,1972,76
АЛЯНЧИКОВ,1874,1936,62
АМАЛЬРИК,1938,1980,42
АМАСИЙСКИЙ,1887,1964,77
АМБУРГРР,1901,1979,78
АМЕЛУНГ,1856,1928,72
АМИЛАХНАРИ,1874,1948,74
АМФИТЕАТРОВ,1862,1938,76
АМФИТЕАТРОВ,1889,1942,53
АНАНЬИН,1887,1962,75
АНАСТАСИЙ,1872,1965,93
АНАСТАСИЯ,1867,1935,68
АНАЦКИЙ,1893,1921,28
АНГИЛЕВ,1878,1951,73
АИДЕРС,1878,1940,62
АНДЕРСОН,1894,1985,91
АНДНО,1889,1965,76
АНДОГСКИЙ,1876,1931,55
АНДОЛЕНКО,1907,1973,66
АНДРЕ,1982,1810,-172
АНДРЕЕВ,1900,1965,65
АНДРЕЕВ,1901,1937,36
АНДРЕЕЛ,1891,1973,82
АНДРЕЕВ,1899,1980,81
АНДРЕЕВ,1887,1958,71
АНДРЕЕВ,1895,1976,81
АНДРЕЕВ,1902,1976,74
АНДРЕВВ,1912,1982,70
АНДРЕЕВ,1894,1973,79
АНДРЕЕВ,1883,1976,93
АНДРЕЕВ,1698,1961,263
АНДРЕРВ,1871,1919,48
АНДРЕЕВ,1868,1926,58
АНИДРЕЕВ,1908,1982,74
АНДРЕЕВ,1838,1927,89
АНДРЕЕВ,1895,1947,52
АНДРЕЕВ,1909,1910,1
АНДРЕЕВ,1858,1926,68
АНДРЕЕВ,1919,1994,75
АНДРЕЕВА,1870,1926,56
АНДРЕЕВА,1851,1920,69
АНДРЕЕВА,1883,1961,78
АНДРЕЕВА,1887,1929,42
АНДРЕЕВА,1903,1971,68
АНДРРЕВА,1883,1918,35
АНДРЕЕВА,1909,1994,85
АНДРЕЕВА,1902,1990,88
АНДРЕЕВА,1890,1947,57
АНДРГЕЕВА,1910,1982,72
АНДРЕЕВА,1907,1987,80
АНДРЕЕВА,1903,1979,76
АНДРЕЕВА,1904,1979,75
АНДРЕЕВА,1869,1938,69
АНДРЕЕВА,1858,1937,79
АНДРЕЕВА,1867,1950,83
АНДРЕЕНСКВЯЙ,1885,1920,35
АНДРЕРЕВСКИЙ,1904,1966,62
АНДРЕЕВСКИЙ,1894,1976,82
АНДРЕЕВСКИЙ,1886,1927,41
АНДРЕЙ,1893,1972,79
АНДРЕЙ,1877,1937,60
АНДРЕЙ,1897,1981,84
АНДРЕЙ,1879,1956,77
АНДРЕННОВ,1884,1938,54
АНДРИАНОВ,1889,1965,76
АНДРИАНОВ,1891,1942,51
АНДРИАЛНОВ,1896,1974,78
АНДРИЕВСКАЯ,1909,1928,19
АНДРИЕВСКИЙ,1903,1966,63
АНДРНЕВСКИЙ,1886,1928,42
АНДРИЯНОВ,1889,1965,76
АНДРИЯНОВ,1889,1935,46
АНДРИЯНОВА,1892,1984,92
АНДРОВИЧ,1898,1967,69
АНДРОНИКОВ,1878,1942,64
АИДРОНОВ,1894,1963,69
АНДРОСОВ,1882,1939,57
АНДРОСОВ,1884,1926,42
АНДРОСОВА,1891,1973,82
АНДРУЗСКИЙ,1855,1987,132
АНДРУС,1896,1963,67
АНДРУС,1875,1969,94
АНДРУСОВ,1896,1988,92
АНДРУСОВ,1861,1924,63
АНДРУЩУК,1903,1956,53
АНДРЯШКОВ,1892,1931,39
АНИМАСОВ,1900,1933,33
АНИСИМОВ,1900,1929,29
АНИСФЕЛЬД,1879,1973,94
АНИЧКОВ,1864,1987,123
АНКУДИНОВ,1894,1975,81
АННЕНКОВ,1894,1959,65
АННЕНКОВ,1890,1970,80
АНОЕВ,1910,1978,68
АНОФРИКВ,1857,1920,63
АНОХНИН,1900,1921,21
АНРЕП,1883,1969,86
АНСЕЛЬМ,1863,1922,59
АИСКИЙ,1889,1948,59
АНТИПИНА,1961,1962,1
АНТИПОВ,1901,1956,55
АНТИПОВА,1892,1974,82
АНТИФЕКВ,1922,1972,50
АНТНИФЕЕВ,1884,1952,68
АНТОМЯК,1880,1926,46
АНТОНЕНКО,1901,1955,54
АНТОНИЙ,1910,1985,75
АНТОНИН,1869,1939,70
АНТОНОВ,1863,1942,79
АНТОНОВ,1876,1954,78
АНТОНОВ,1895,1972,77
АНТОНОВ,1904,1935,31
АНТОНОВ,1870,1926,56
АНТОНОВ,1859,1938,79
АНТОНОВ,1900,1969,69
АНТОНОВА,1884,1974,90
АНТОНОВА,1898,1966,68
АНТОНОВСКАЯ,1874,1962,88
АНТОНОВСКИЙ,1863,1939,76
АНТУХ,1894,1927,33
АНУФРИЕВ,1896,1921,25
АНФИЛОВ,1886,1937,51
АПАНАСЕВИЧ,1905,1964,59
АИЛЕЧЕЕВ,1898,1958,60
АПЛЕЧЕЕВ,1864,1940,76
АПОЛЛОНОВ,1911,1986,75
АПОСТОЛН,1896,1930,34
АППИЕЛЬБАУМ,1886,1941,55
АПРАКСИН,1915,1998,83
АПРАКСНН,1876,1962,86
АПРАКСИН,1891,1931,40
АПРАКСИН,1869,1930,61
АПРЕЛЕВ,1889,1964,75
АПТЕКОВИЧ,1921,1921,0
АПУХТИН,1896,1975,79
АПУХТИН,1889,1938,49
АПУХТИНА,1868,1936,68
АПШЕНЕК,1854,1931,77
АПШТЕЙН,1856,1927,71
АРАБАЖИН,1866,1929,63
АРАБЕЙ,1912,1982,70
АРАПОВ,1879,1937,58
АРАПОВ,1800,1948,148
АРАПОВА,1881,1928,47
АРБАН,1904,1991,87
АРБАТСКИЙ,1911,1963,52
АРБУЗОВ,1890,1926,36
АРБУЗОВ,1885,1935,50
АРГАТОВ,1908,1973,65
АРГЕЕВ,1887,1922,35
АРГУНОВ,1866,1939,73
АРГУНОВ,1886,1932,46
АРДАМАТСКИЙ,1878,1943,65
АРЕДОВ,1892,1937,45
АРЕНДТ,1887,1963,76
АРЕФЬЪЕВ,1931,1978,47
АРЖАХОВСКИЙ,1897,1933,36
АРЖАХОВСКИЙ,1865,1945,80
АРНАНОВА,1918,1983,65
АРИНКИН,1855,1935,80
АРИСТОВ,1853,1931,78
АРИСТОВ,1559,1935,376
АРИСТОВ,1902,1986,84
АРИСТОВА,1863,1936,73
АРИЩЕНКОВА,1869,1973,104
АРКАДИВ,1848,1926,78
АРКАДЬЕВА,1898,1965,67
АРКАЛОВ,1865,1930,65
АРКАНОВ,1891,1928,37
АРКИН,1866,1923,57
АРЛОЗОРОВ,1899,1933,34
АРМФЕЛТ,1872,1969,97
АРМФЕЛЬД,1860,1940,80
АРНО,1861,1930,69
АРНОЛЬДИ,1888,1944,56
АРНОЛЬДОВ,1855,1984,129
АРОН,1878,1951,73
АРОН,1854,1927,73
АРОН,1874,1928,54
АРОН,1839,1926,87
АРОНОВА,1917,1937,20
АРОНОВИЧ,1893,1927,34
АРОНОВИЧ,1879,1928,49
АРОНСБЕРГ,1878,1948,70
АРОНСБЕРГ,1848,1922,74
АРОНСБЕРТ,1882,1930,48
АРОНСОН,1866,1932,66
АРОНСОН,1870,1920,50
АРОНСОН,1872,1873,1
АРОНСОН,1882,1926,44
АРОНСОН,1893,1984,91
АРОНШТАМ,1876,1931,55
АРОНШТАМ,1865,1920,55
АРОНШТАМ,1881,1928,47
АРОНШТАМ,1879,1921,42
АРОСЕВ,1878,1935,57
АРРОНЕТ,1894,1932,38
АРСЕНИ,1875,1930,55
АРСЕНЯИДЗЕ,1880,1965,85
АРСЕНИЙ,1915,1993,78
АРСЕНЬЕВ,1908,1972,64
АРСЕНЬЕВ,1890,1970,80
АРСЕНЬЕВА,1857,1938,81
АРСЕНЬЕВА,1886,1936,50
АРСЕНЬЕВА,1910,1984,74
АРСЛАН,1896,1958,62
АРТАМОНОВ,1883,1927,44
АРТАМОНОВ,1879,1927,48
АРТАМОНОВА,1896,1973,77
АРТАШЕНКО,1870,1934,64
АРТЕМЬЕВ,1883,1923,40
АРТЕМЬЪЕВ,1851,1927,76
АРТЕМЬЕВ,1900,1921,21
АРТЕМЬЪЕВ,1873,1938,65
АРТЕМЬЪЕВА,1864,1925,61
АРТИМЧУК,1895,1985,90
АРУФФО,1910,1963,53
АРХАНГЕЛЬСКИЙ,1891,1921,30
АРХАНГЕЛЬСКИЙ,1846,1924,78
АРХАНГЕЛЬСКИЙ,1881,1941,60
АРХАНГЕЛЬСКИЙ,1872,1959,87
АРХАНГЕЛЬСКИЙ,1888,1925,37
АРХАНГЕЛЬСКИЙ,1897,1990,93
АРХИПОВ,1858,1922,64
АРХИПОВ,1886,1972,86
АРХИПОВ,1883,1961,78
АРХИПЛОВА,1911,1985,74
АРЦИМОВИЧ,1859,1930,71
АРЦИМОВИЧ,1859,1933,74
АРЦЫБАШЕВ,1878,1927,49
АРШЛУЛОВАЛ,1899,1980,81
АРШОН,1850,1925,75
АСЕВ,1901,1993,92
АСКОЧИНСКИЙ,1898,1959,61
АСЛАНОВ,1874,1960,86
АСЛАНОВ,1896,1968,72
АСЛАНОВ,1887,1932,45
АСПИДОВ,1888,1937,49
АССИЕР,1863,1932,69
АСТАФИЕВ,1900,1971,71
АСТАФЬЕВ,1852,1932,80
АСТАФЬЕВ,1897,1984,87
АСТАФЬЕВ,1897,1967,70
АСТАФЬЕВ,1861,1933,72
АСТАФЬЕВ,1880,1967,87
АСТАФЬЕВА,1897,1926,29
АСТАХОВ,1900,1941,41
АСТАХОВ,1890,1934,44
АСТАХОВ,1897,1971,74
АСТАХОВ,1896,1933,37
АСТАХОВА,1904,1994,90
АСТРАХАНЦЕВ,1870,1987,117
АСТРОВ,1907,1996,89
АСТРОВ,1868,1934,66
АСТРОВА,1880,1971,91
АТАБЕКОВ,1873,1929,56
АТЛАС,1846,1926,80
АТРАШКЕ,1886,1926,40
АУСТРИН,1898,1977,79
АУСТРИН,1899,1979,80
АУСТРИН,1923,1992,69
АУОР,1845,1930,85
АФАНАСИЙ,1870,1935,65
АФАНЛАСЬВВ,1897,1940,43
АФАНАСЬЕВ,1850,1925,75
АФАНАСЪРВ,1879,1943,64
АФАНАСЬЕВ,1893,1966,73
АФАНАСЬЕВ,1899,1951,52
АФАНАСЬЕВА,1898,1965,67
АФАНАСЬЕВА,1907,1926,19
АФАНАСЬЕВА,1898,1923,25
АФАНАСЬЕВА,1847,1932,85
АФЕНДУЛЬЕВ,1898,1975,77
АФЕНДУЛЬЕВА,1903,1969,66
АФОНАСЬЕВ,1857,1936,79
АФОНИН,1876,1930,54
АФРЕМОВА,1895,1926,31
АФРОСИМОВ,1893,1952,59
АФРОСИМОВ,1890,1977,87
АФРОСИМОВ,1969,1932,-37
АХЛОГУДОВ,1861,1931,70
АЩУРКИНА,1897,1952,55
БАБАЕВ,1853,1938,85
БАБАЙЛОВ,1864,1938,74
БАБАКАЕВ,1952,1971,19
БАБАНИЯН,1897,1956,59
БАБАРЫКОВ,1890,1981,91
БАБЕНКО,1897,1936,39
БАБЕНКО,1899,1987,88
БАБЕНКО,1914,1918,4
БАБИКОВ,1884,1946,62
БАБИКОВА,1850,1937,87
БАБИН,1887,1930,43
БАБИНСКИЙ,1896,1928,32
БАБИНСКВЙ,1869,1946,77
БАБНЧ,1890,1944,54
БАБИЧ,1376,1965,589
БАБИЧ,1596,1972,376
БАБКИН,1929,1933,4
БАБКИН,1912,1973,61
БАБКИЯ,1898,1975,77
БАБКОВ,1898,1958,60
БАБОЧКИН,1866,1944,78
БАБОШИНА,1896,1963,67
БАБСТ,1866,1931,65
БАБУРИН,1892,1956,64
БАБУРОВ,1913,1931,18
БАГГОВУТ,1862,1933,71
БАГЯНОВИСС,1861,1931,70
БАГНЕНКО,1903,1965,62
БАГРАТНОН,1883,1957,74
БАГРЯНЦЕВ,1902,1930,28
БАЕВА,1881,1954,73
БАЖЕНОВ,2728,1942,-786
БАЖЕНОВ,1879,1949,70
БАЖЕНОВ,1888,1960,72
БАЗАРЕВИЧ,1910,1975,65
БАЗИЛЕВИЧ,1891,1930,39
БАЗИЛЕВСКАЯ,1896,1985,89
БАЗИЛЕВСКИЙ,1893,1975,82
БАНОВ,1871,1935,64
БАЙДАК,1880,1970,90
БАЙДАКОВ,1891,1926,35
БАЙДАЛАКОВ,1900,1967,67
БАЙДАШНИКОВ,1887,1967,80
БАЙЕР,1952,1997,45
БАЙКАЛОВ,1882,1964,82
БАЙКОВ,1895,1969,74
БАЙКОВ,1914,1991,77
БАЙКОВ,1897,1959,62
БАЙКОВ,1906,1926,20
БАЙКОВА,1892,1986,94
БАЙКОВА,1890,1969,79
БАЙКОВА,1857,1918,61
БАЙКОВСКИЙ,1863,1926,63
БАЙСИНСКАЯ,1911,1930,19
БАЙТУГАНОВ,1901,1964,63
БАКАЛДИН,1887,1938,51
БАКАЛЕЙНИКОВ,1891,1960,69
БАКАНОВ,1890,1936,46
БАКАРСКАЯ,1895,1933,38
БАКГАРАДЗЕ,1863,1939,76
БАКИН,1875,1944,69
БАКИНА,1888,1964,76
БАКИЧ,1911,1986,75
БАКЛАН,1897,1967,70
БАКЛАНОВ,1903,1975,72
БАКЛАНОВА,1893,1974,81
БАКЛАНОВА,1938,1952,14
БАКО,1874,1951,77
БАКО,1881,1943,62
БАКСТ,1907,1972,65
БАКСТ,1866,1924,58
БАКУНИН,1896,1921,25
БАКУНИН,1910,1929,19
БАКУНОВИЧ,1902,1984,82
БАКШЕЕВ,1886,1929,43
БАКШИ,1884,1953,69
БАЛАБАНОВ,1912,1992,80
ВАЛАСАНОВ,1876,1936,60
БАЛАБАНОВА,1904,1987,83
ВАЛАБАРИНСКАЯ,1902,1926,24
БАЛАКШИН,1898,1990,92
БАЛАС,1857,1932,75
БАЛАТУКОВ,1852,1933,81
БАЛАХНЯЯ,1901,1985,84
БАЛАШОВА,1887,1979,92
БАЛБАШЕВСКИЙ,1877,1948,71
БАЛДИН,1871,1961,90
БАЛИЕВ,1877,1936,59
БАЛННОВ,1894,1939,45
БАЛК,1866,1957,91
БАЛК,1863,1930,67
БАЛК,1870,1925,55
ВАЛК,1850,1929,79
БАЛЛАД,1860,1921,61
БАЛЛОГ,1889,1930,41
БАЛОД,1874,1928,54
БАЛОНОВА,1871,1928,57
БАЛТУШКО,1865,1925,60
БАЛТЫНЬ,1906,1925,19
БАЛЬМЕН,1890,1944,54
БАЛЬМЕН,1885,1932,47
БАЛЬСОН,1861,1926,65
БАЛЯСНИКОВ,1901,1983,82
БАНАСЕВИЧ,1903,1934,31
БАНЕВУР,1874,1933,59
БАНИН,1879,1945,66
БАНКОВСКИЙ,1891,1911,20
БАНТЫШ,1900,1990,90
БАНЬКОВСКИЙ,1895,1966,71
БАРАБАНОВ,1895,1955,60
БАРАБАЯОВ,1874,1953,79
БАРАБЛС,1954,1955,1
БАРАБАШЕВ,1892,1964,72
БАРАГУНОВ,1898,1975,77
БАРАМ,1937,1997,60
БАРАНКОВСКИЙ,1899,1962,63
БАРАНОВ,1877,1964,87
БАРАНОВ,1891,1970,79
БАРАНОВ,1894,1927,33
БАРАНОВ,1864,1927,63
БАРАНОВ,1843,1924,81
БАРАНОВА,1845,1933,88
БАРАНОВА,1899,1935,36
БАРАНОВА,1585,1947,362
БАРАНОВСКАЯ,1885,1935,50
БАРАНОВСКИЙ,1874,1944,70
БАРАНОВСКИЙ,1845,1933,88
БАРАТОВ,1865,1932,67
БАРАТОВА,1905,1941,36
БАРАЧЕВСКАЯ,1868,1926,58
БАРАЧЕВСКАЯ,1889,1969,80
БАРАЧЕВСКИЙ,1893,1963,70
БАРБИЦКИВ,1906,1966,60
БАРБОВИЧ,1874,1947,73
БАРВИНСКИЙ,1875,1928,53
ВАРДИН,1864,1986,122
БАРДИН,1890,1935,45
БАРЖАЙ,1852,1927,75
БАРЖАНСКИЙ,1885,1940,55
БАРЖАНСКИЙ,1913,1944,31
БАРН,1870,1937,67
БАРН,1852,1936,84
БАРЯНБОЙ,1886,1931,45
БАРИНОВ,1860,1925,65
БАРИСОВ,1885,1972,87
БАРК,1869,1937,68
БАРКАЙ,1878,1929,51
БАРКАНМ,1864,1927,63
БАРКЕВИЧ,1901,1925,24
БАРКЛАЙ,1893,1964,71
БАРКОВА,1893,1967,74
БАРКОВСКИЙ,1892,1923,31
БАРКОВСКИЙ,1874,1929,55
БАРОНОВ,1893,1952,59
БАРОТИНСКИЙ,1873,1938,65
БАРС,1902,1929,27
БАРСКИЙ,1878,1935,57
БАРСКУ,1922,1997,75
БАРСОВ,1901,1965,64
БАРТАШЩЕВА,1895,1922,27
БАРТЕНЕВ,1880,1969,89
БАРТКУС,1891,1919,28
БАРТОШ,1906,1995,89
БЛАРТОШ,1912,1979,67
БАРТОШЕВИЧ,1889,1962,73
БАРЫБАЛОВ,1884,1938,54
БАРЫБОРОВ,1881,1937,56
БАРЫГИН,1879,1932,53
БАРЯТИНСКАЯ,1846,1935,89
БАСАКОВ,1874,1933,59
БАСЕВИЧ,1875,1939,64
БАСЕНКО,1886,1964,78
БАСЕНКО,1899,1985,86
БАСЕНКО,1892,1974,82
БАСЕНКО,1889,1974,85
БАСКИН,1888,1935,47
БАСНЕНКО,1903,1965,62
БАСОВ,1903,1975,72
БАСС,1876,1957,81
БАССАМБО,1898,1924,26
БАТАЛИН,1909,1984,75
БАТАЛИНА,1911,1993,82
БАТАЛОВА,1895,1932,37
БАТАНОВА,1877,1929,52
БАТЛУКОВ,1892,1978,86
БАТЧЕВ,1908,1932,24
БАТЮШИН,1874,1957,83
ВЛУЕР,1887,1959,72
БАУЛИНА,1884,1956,72
БАУМ,1868,1925,57
БАУМАН,1894,1976,82
БАУМАН,1879,1928,49
БАУМАН,1886,1929,43
БАУМГАРТЕН,1922,1985,63
БАУМГАРТЕН,1879,1962,83
БАУМГАРТЕН,1853,1931,78
БАУМГАРТЕН,1887,1963,76
БАУЭР,1879,1943,64
БАУЭР,1881,1963,82
БАУЭР,1878,1943,65
БАХАЛДНИН,1890,1935,45
БАХМЕТЬЕВ,1680,1951,271
БАХМЕТЬЕВ,1847,1928,81
БАХМУТСКЯИЙ,1876,1958,82
БАХРАХ,1902,1985,83
БАХТИН,1898,1933,35
БАХТИН,1894,1950,56
БАЧЕВСКИЙ,1914,1981,67
БАЧИНСКИЙ,1857,1937,80
БАЧКИН,1866,1926,60
БАШИЛОВ,1909,1970,61
БАШИНСКИЙ,1881,1941,60
БАШКИРОВ,1861,1934,73
БАШКИРОВ,1875,1936,61
БАШКИРЦЕВА,1883,1928,45
БАШМАКОВ,1853,1943,90
БАШМАКОВЛ,1870,1959,89
БАШОЕР,1869,1934,65
БЕВАД,1888,1975,87
БЕВАД,1215,1969,754
БЕГЕР,1853,1944,91
БЕДНАРСКИЙ,1902,1973,71
БЕДРИК,1929,1930,1
БЕДРИК,1894,1972,78
БЕДРИКОВЕЦКИЙ,1868,1931,63
БЕЖАНОВ,1896,1972,76
БЕЗАЙС,1882,1925,43
БЕЗЛАДНОВА,1890,1983,93
БЕЗМОЛИТВЕННЫЙ,1880,1973,93
БЕЗОБРАЗОВ,1855,1931,76
БЕЗОБРАЗОВ,1857,1932,75
БЕЗОБРАЗОВ,1895,1957,62
БЕЗРУКОВ,1889,1973,84
БЕЗРУКОВ,1897,1980,83
БЕЗРУКОВ,1897,1930,33
БЕЗРУКОВ,1899,1965,66
БЕЗРУКОВА,1872,1931,59
БЕЗУГЛОВА,1898,1979,81
БЕЗУГЛЫЙ,1896,1986,90
БЕЙДА,1879,1926,47
БЕЙЕР,1876,1938,62
БЕЙЛЕНСОН,1867,1980,113
БЕЙЛИН,1892,1926,34
БЕЙЛИН,1913,1927,14
БЕЙЛИС,1874,1934,60
БЕЙТЕЛЬМАН,1931,1991,60
БЕКЕР,1858,1937,79
БЕКЕТОВ,1888,1929,41
БЕКЕЧ,1899,1974,75
БЕККЕР,1883,1928,45
БЕККЕР,1891,1925,34
БЕККЕР,1922,1997,75
БЕККЕР,1893,1982,89
БЕККЕР,1870,1926,56
БЕККЕР,1877,1926,49
БЕККЕР,1896,1931,35
БЕКЛЕМИТШЕРВ,1902,1986,84
БЕКЛЕМИШЕВ,1901,1981,80
БЕКЛЕМИШЕВА,1899,1971,72
БЕКМАН,1877,1931,54
БЕКМАН,1964,1997,33
БЕЛЛАВИН,1870,1953,83
БЕЛАВИНА,1876,1985,109
БЕЛАГИН,1879,1944,65
БЕЛАНИН,1867,1935,68
БЕЛАНИНА,1871,1936,65
БЕЛАЯ,1897,1936,39
БЕЛЕВЦЕВ,1867,1926,59
БЕЛЕВЦЕВ,1899,1965,66
БЕЛЕНЬКАЯ,1872,1926,54
БЕЛЕНЬКИЙ,1865,1929,64
БЕЛЕЦКИЙ,1891,1935,44
БЕЛЕЦКИЙ,1887,1934,47
БЕЛИК,1877,1936,59
БЕЛИКОВ,1894,1973,79
БЕЛЯКОВ,1905,1958,53
БЕЛЯКОВ,1900,1928,28
БЕЛИНКОВ,1921,1970,49
БЕЛИНСКИЙ,1900,1948,48
БЕЛИЦКИЙ,1856,1932,76
БЕЛИЦКИЙ,1913,1988,75
БЕЛКОВСКИЙ,1881,1933,52
БЕЛЛИК,1846,1931,85
БЕЛЛИН,1920,1988,68
БЕЛОБОРОДОВ,1886,1965,79
БЕЛОВ,1940,1941,1
БЕЛОВ,1903,1923,20
БЕЛОВ,1868,1924,56
БЕЛОВ,1904,1926,22
БЕЛОВ,1929,1988,59
БЕЛОВА,1885,1926,41
БЕЛОВИЧ,1906,1926,20
БЕЛОГОЛОВЫЙ,1862,1927,65
БЕЛОГОРИЕВ,1879,1955,76
БЕЛОЙ,1904,1926,22
БЕЛОКЛИНЦЕВ,1916,1936,20
БЕЛОЙ,1840,1926,86
БЕЛОКУРОВ,1896,1959,63
БЕЛОМЕСТНОВА,1900,1947,47
БЕЛОПОЛЬСКАЯ,1916,1994,78
БЕЛОПОЛЬСКАЯ,1896,1985,89
БЕЛОПОЛЬСКИЙ,1876,1948,72
БЕЛОСЕЛЬСКИЙ,1867,1951,84
БЕЛОУС,1895,1974,79
БЕЛОУСОВ,1880,1960,80
БЕЛОУСОВ,1882,1945,63
БЕЛОУСОВ,1880,1940,60
БЕЛОУСОВА,1881,1933,52
БЕЛОФАСТОВ,1890,1962,72
БЕЛОЦВЕТОВ,1863,1935,72
БЕЛОУСОВИЧ,1891,1956,65
БЕЛОЦВЕТОВ,1892,1896,4
БЕЛОЦВЕТОВ,1873,1938,65
БЕЛОЦЕРКОВСКИЙ,1872,1922,50
БЕЛЫЙ,1854,1934,80
БЕЛЬГАРД,1861,1942,81
БЕЛЬГАРД,1855,1934,79
БЕЛЬСКАЯ,1883,1935,52
БЕЛЬСКИЙ,1874,1934,60
БЕЛЬЧЕНКО,1876,1958,82
БЕЛЯКВ,1866,1933,67
БКЛЯЕВ,1879,1944,65
ВЕЛЯЕВ,1871,1934,63
БЕЛЯЕВ,1880,1956,76
БЕЛЯЕВ,1896,1981,85
БЕЛЯЕВ,1899,1930,31
БЕЛЯЕВ,1878,1955,77
БЕЛЯЕВ,1877,1947,70
БЕЛЯЕВ,1914,1900,-14
БЕЛЯЕВА,1898,1970,72
БЕЛЯЕВА,1893,1979,86
БЕЛЯЕВА,1906,1924,18
БЕЛЯЕВА,1896,1975,79
БЕЛЯЕВА,1870,1962,92
БЕЛЯКОВ,1891,1970,79
БЕЛЯКОВ,1863,1932,69
БЕЛЯКОВ,1870,1930,60
БЕЛЯЦКИН,1874,1944,70
БЕНДЕРЕВ,1905,1974,69
БЕЯБЦКИ,1887,1932,45
БЕНЗЕМАН,1876,1932,56
ЪЕНЗИЯ,1881,1973,92
БЕНЯГСЕН,1915,1993,78
БЕНИЯНГСГАХУЗЕН,1867,1926,59
БЕНКЛЕВСКИЙ,1888,1934,46
БЕНАИГСЕН,1882,1946,64
БЕННИГСЕН,1879,1962,83
БЕНУА,1862,1944,82
БЕНУА,1870,1960,90
БЕНУА,1880,1888,8
БЕНУА,1879,1930,51
БЕНУА,1852,1936,84
БЕНУА,1901,1988,87
БЕНЦЕЛЕВИЧ,1882,1931,49
БЕНЬКОВСКИЙ,1882,1952,70
БЕРБЕРОВ,1873,1942,69
ВЕРБЕРОВА,1901,1993,92
БЕРГ,1863,1920,57
БЕРГ,1914,1991,77
БЕРГМАН,1833,1926,93
БЕРГМАН,1896,1926,30
БЕРГШТРЕССЕР,1883,1944,61
БЕРДИЧЕВСКИЙ,1886,1931,45
БЕРДНИКОВ,1883,1937,54
БЕРДНИКОВА,1887,1931,44
БЕРДЮГИН,1882,1931,49
БЕРДЯЕВ,1889,1945,56
БЕРДЯЕВ,1874,1948,74
БЕРДЯЕВА,1893,1924,31
БЕРЕБИЦКИЙ,1903,1931,28
БЕРЕЗИТСКАЯ,1900,1971,71
БЕРЕЗИТСКИЙ,1887,1965,78
БЕРЕЗНЕВ,1851,1928,77
ВБЕРЕЗНИКОВ,1868,1934,66
БЕРЕЗОВ,1906,1996,90
БЕРЕЗОВ,1896,1967,71
БЕРЕЗОВСКАЯ,1897,1939,42
БЕРЕЗОВСКИЙ,1861,1940,79
БЕРЕЛОВИЧ,1911,1983,72
БЕРЕНС,1855,1932,77
БЕРЕНС,1879,1913,34
БЕРЕНШТАМ,1870,1931,61
БЕРЕСТОВИЧ,1890,1927,37
БЕРЕЩУК,1894,1933,39
БЕРЗ,1858,1937,79
БЕРЗ,1872,1937,65
БЕРЗИН,1887,1950,63
БЕРЗИНШ,1882,1937,55
БЕРЗИНЬ,1846,1926,80
БЕРЗОН,1856,1926,70
БКЕРКЕ,1878,1926,48
БКРКЕНГЕЙМ,1879,1932,53
БЕРКМАМ,1870,1936,66
БЕРКОВИЦ,1900,1929,29
БЕРКОВИЧ,1861,1926,65
БЕРЛИН,1880,1926,46
БЕРЛИН,1888,1928,40
БЕРЛВН,1890,1986,96
ВЕРЛИН,1890,1926,36
БЕРЛИН,1887,1928,41
БЕРЛИН,1854,1935,81
ВЕРЛИН,1867,1937,70
БЕРЛИН,1872,1930,58
БЕРЛИН,1877,1962,85
БЕРЛИН,1918,1987,69
БЕРЛИН,1913,1931,18
БЕРЛИН,1877,1926,49
БЕРЛИН,1863,1927,64
БЕРЛОВИЧ,1839,1925,86
БЕРМАН,1881,1925,44
БЕРМАН,1871,1926,55
БЕРМАН,1895,1937,42
БЕРМАН,1915,1926,11
БЕРМАН,1859,1939,80
БКРМАН,1899,1972,73
БЕРМАН,1830,1928,98
ЭЖАЕРМАН,1940,1991,51
БЕРМАН,1848,1926,78
БЕРМАН,1856,1937,81
БЕРНАДСКИЙ,1860,1911,51
БЕРНАРДИ,1867,1943,76
БЕРИНАРДИ,1880,1957,77
БЕРНАЦКИЙ,1876,1943,67
БЕРНАЦКИЙ,1871,1924,53
БЕРНГОФ,1910,1986,76
БЕРНЕР,1863,1928,65
БЕРНЕР,1892,1977,85
БЕРНШТАМ,1857,1927,70
БЕРНШТАМ,1860,1926,66
БЕРНШТЕЙН,1871,1926,55
БЕРНШТЕЙН,1862,1938,76
БЕРНШТЕЙН,1876,1935,59
БЕРНШТЕЙН,1871,1928,57
БЕРНШТЕЙН,1894,1927,33
БЕРНШТЕЙН,1862,1930,68
БЕРНШТЕЙН,1882,1962,80
БЕРНШТЕЙНС,1860,1929,69
БЕРНШТЕЙН,1572,1937,365
БЕРНШТЕЙН,1864,1921,57
БЕРНШТЕЙН,1860,1929,69
БЕРТЕЛЬС,1875,1957,82
БЕРТЕНСОН,1885,1962,77
БЕРТИКОВА,1895,1935,40
БЕРТИНГ,1890,1927,37
БЕРХИН,1885,1952,67
БЕРХМАН,1854,1929,75
БЕРШОВ,1859,1982,123
БЕРШОВ,1883,1958,75
БЕРШОВ,6719,1925,-4794
БЕСЕДНИК,1897,1921,24
БЕСКРОВНАЯ,1882,1942,60
БЕСКРОВНЫЙ,1883,1944,61
БЕСКРОВНЫЙ,1872,1935,63
БЕССМЕРТНЫЙ,1890,1936,46
БЕСТРАХС,1904,1927,23
БЕСЧЕРЕВНЫХ,1954,1980,26
БЕТНН,1917,1996,79
БЕТУЛИНСКАЯ,1887,1982,95
БЕХЛН,1861,1929,68
БЕХТЕЕВ,1879,1954,75
БЕЦЮК,1888,1943,55
БЕШЕНОВ,1893,1983,90
БЕЩАНИЦКИЙ,1858,1925,67
БИАЗЯ,1894,1931,37
БИБИКОВ,1871,1938,67
БИБИКОВ,1907,1981,74
БИБНКОВ,1874,1937,63
БИБАКОВ,1866,1935,69
БИБИКОВ,1842,1923,81
БИБИКОВА,1872,1943,71
БИЗОВ,1890,1933,43
БИКЕРМАН,1367,1942,575
БИЛАНТ,1900,1969,69
БИЛАНТ,1911,1954,43
БИЛЕВИЧ,1846,1926,80
БИЛИМОВИЧ,1875,1963,88
БИЛИМОВИЧ,1874,1930,56
БИЛЬБАСОВ,1856,1925,69
БИЛЬДЕРЛИНГ,1922,1968,46
БИЛЬДЕРЛИНГ,1909,1991,82
БИМКОВСКАЯ,1895,1926,31
БИНДЛ,1885,1936,51
БИНДЕР,1868,1928,60
БИНДЕРМАН,1849,1926,77
БИНУН,1914,1931,17
БЯНЦ,1911,1930,19
БИНИГГОК,1868,1933,65
БЯНШТОК,1884,1954,70
БИРАР,1886,1931,45
БИРКЛЕ,1860,1928,68
БИРКУТ,1899,1935,36
БИРНБАУМ,1857,1931,74
БЯРОВА,1826,1930,104
БИРОНТ,1903,1927,24
БЯРСУЛОВ,1900,1931,31
БИРЮКОВ,1870,1934,64
БИРЮЖКОВ,1875,1935,60
БЯРЮКОВ,1911,1927,16
БИРЮКОВ,1900,1972,72
БИРЮКОВА,1893,1963,70
БИРЮКОВА,1886,1968,82
БИРЮКОВА,1889,1972,83
БИРЮЖКОВСКАЯ,1864,1943,79
ЬИСК,1852,1932,80
БИСК,1883,1973,90
БИТЕ,1895,1961,66
БИТНЫР,1894,1962,68
БИТОРОВИЧ,1856,1926,70
БИЦИЛЛИ,1879,1953,74
БЛАГОВ,1866,1934,68
БЛАГОВЕЩЕНСКИЙ,1850,1963,113
БЛАГОВО,1869,1946,77
БЛАЖНОВА,1902,1965,63
БЛЕЗЕ,1849,1931,82
БЛЕХМАН,1854,1929,75
БЛИДЕРМАН,1867,1926,59
БЛИЗНЮК,1899,1975,76
БЛИНОВ,1903,1977,74
БЛИНОВА,1913,1937,24
БЛОМЕРНУС,1890,1966,76
БЛОНСКАЯ,1881,1920,39
БЛОХ,1890,1925,35
БЛОХ,3715,1867,-1848
БЛОХ,1904,1931,27
БЛОХ,1875,1937,62
БЛОХ,1899,1943,44
БЛОХ,1840,1925,85
ЪЛОХ,1892,1968,76
БЛУДИМКО,1939,1966,27
БЛУДОВ,1856,1942,86
БЛУМБЕРГ,1863,1926,63
БЛУМБЕРТ,1857,1927,70
БЛУМЕ,1891,1921,30
БЛУМЕН,1886,1926,40
БЛУМЕНАХ,1852,1926,74
БЛУМЕНТАЛЬ,1893,1926,33
БЛУМЕНФЕЛЬД,1845,1927,82
БЛУМФЕЛЬД,1486,1920,434
БЛЮМ,1890,1937,47
БЛЮМБАХ,1860,1929,69
БЛЮМЕНАУ,1854,1945,91
БЛЮМЕР,1883,1964,81
БОБАК,1859,1926,67
БОБАРЫКОВ,1869,1928,59
БОБАРЫКОВ,1890,1981,91
БОБОРЫКИН,1887,1963,76
БОБОРЫКНН,1836,1921,85
БОБОРЫКННА,1889,1965,76
БОБОШКО,1883,1968,85
БОБРИВ,1892,1964,72
БОБРЫЯКОВ,1839,1924,85
БОБРЯКОВ,1882,1956,74
БОБРИКОВ,1908,1981,73
БОБРИКОВ,1874,1931,57
БОБРИКОВА,1885,1966,81
БОБРИНСКАЯ,1848,1972,124
БОБРИНСКАЯ,1903,1996,93
БОБРИНСКИЙ,1852,1927,75
БОВРИНСКИЙ,1910,1914,4
БОБРЕНСК,1859,1930,71
БОБРИНСКИЙ,1863,1938,75
БОБРИНСКИЙ,1863,1962,99
БОБРИЩЕВА,1897,1964,67
БОБРОВ,1901,1966,65
БОБРОВ,1860,1925,65
БОБГОВ,1882,1928,46
БОБРОВА,7728,1922,-5806
БОГАЕВСКАЯ,1912,1977,65
БОГАЕВСКИЙ,1872,1873,1
БОГАЕВСКИЙ,1866,1929,63
БОГАЕВСКИЙ,1884,1970,86
БОГАТОВ,1885,1925,40
БОГАТЫРЧУК,1892,1984,92
БОГДАНОВ,1890,1971,81
БОГДАНОВ,1899,1973,74
БОГДАНОВ,1891,1969,78
БОГДАНОВ,1855,1927,72
БОГДАНОВ,1918,1961,43
БОГДАНОВ,1891,1951,60
БОГДАНОВ,1835,1920,85
БОГДАНОВ,1875,1930,55
БОГДАНОВ,1887,1966,79
БОГДАНОВА,1912,1930,18
БОГДАНОВА,1861,1925,64
БОГДАНОВА,1861,1981,120
БОГДАНОВИЧ,1885,1925,40
БОГДАНОВИЧ,1883,1973,90
БОГДАНЯН,1897,1933,36
БОГДЫЛЬ,1886,1935,49
БОГЕНГАРДТ,1892,1961,69
ЬОГКИСКИЙ,1908,1998,90
БОГИН,1876,1922,46
БОГОВИЧ,1875,1926,51
БОГОЛЮБОВ,1863,1931,68
БОГОЛЮБОВ,1887,1930,43
БОГСОЛЮБОВ,1889,1971,82
БОГОМОЛЕЦ,1902,1984,82
ХАБАЕВ,1891,1975,84
ХАБАЕВ,1870,1941,71
ХАБАЕВА,1878,1943,65
ХАБАЛОВ,1870,1934,64
ХАБАРОВ,1872,1928,56
ХАБАРОВ,1857,1924,67
ХАБАС,1867,1926,59
ХАВЕЛЮК,1894,1951,57
ХАВЕСОН,1850,1926,76
ХАВКИН,1860,1930,70
ХАГАР,1854,1926,72
ХАГЕЛИН,1860,1955,95
ХАГЕМАНН,1904,1984,80
ХАГОНДОКОВ,1907,1996,89
ХАГОНДОКОВ,1871,1958,87
ХАГОНДОКОВА,1901,1987,86
ХАДЖИ,1900,1975,75
ХАДЖИ,1884,1937,53
ХАДЖИЕВ,1895,1966,71
ХАДОРКА,1912,1992,80
ХАДЫКИН,1887,1971,84
ХАДЫКИН,1905,1981,76
ХАДЫКИН,1935,1981,46
ХАДЫКИН,1889,1981,92
ХАДЫКИН,1906,1980,74
ХАДЫКИНА,1892,1977,85
ХАДЫКИНА,1885,1978,93
ХАДЫКИНА,1911,1978,67
ХАДЫКИНА,1892,1975,83
ХАЕВ,1865,1931,66
ХАЗАН,1867,1926,59
ХАЗАН,1906,1931,25
ХАЗАНОВ,1896,1918,22
ХАЗЕНСОН,1862,1926,64
ХАЗИН,1863,1931,68
ХАЗОВ,1877,1968,91
ХАИТ,1888,1929,41
ХАЙТ,1884,1930,46
ХАЙКИЛЕВИЧ,1863,1937,74
ХАЙКИН,1854,1926,72
ХАЙКИНА,1873,1938,65
ХАЙМ,1906,1928,22
ХАЙМОВИЧ,1869,1931,62
ХАЙМОВИЧ,1866,1927,61
ХАЙМОВИЧ,1890,1931,41
ХАЙНАЦКИЙ,1896,1949,53
ХАЙНОВСКИЙ,1894,1938,44
ХАЙТ,1853,1929,76
ХАЙТ,1877,1921,44
ХАЙТС,1871,1929,58
ХАКБВАЛОВА,1871,1932,61
ХАКОЛЬСКИЙ,1882,1944,62
ХАЛАДЖИЕВ,1892,1940,48
ХАЛАЧ,1887,1975,88
ХАЛДЕЕВ,1902,1935,33
ХАЛЕЕВА,1872,1970,98
ХАЛЕЦКИЙ,1881,1926,45
ХАЛИЛЕЕВ,1884,1964,80
ХАЛИЛЕЦКИЙ,1884,1947,63
ХАЛМУХАМЕТОВА,1917,1997,80
ХАЛФИН,1879,1926,47
ХАЛХИН,1881,1927,46
ХАЛЬБЕК,1868,1928,60
ХАЛЬКО,1893,1936,43
ХАЛЯВИН,1903,1921,18
ХАЛЯПИНА,1878,1941,63
ХАНДОГА,1895,1979,84
ХАНЖА,1904,1972,68
ХАНЖЕНКОВ,1903,1988,85
ХАНЖЕНКОВ,1912,1994,82
ХАНЖЕНКОВА,1914,1980,66
ХАНЖИНА,1879,1980,101
ХАНИН,1872,1929,57
ХАНУКОВ,1867,1943,76
ХАНУТИН,1869,1937,68
ХАНУТИН,1904,1926,22
ХАНУТИН,1864,1925,61
ХАНЫКОВ,1849,1935,86
ХАНЫКОВ,1889,1961,72
ХАНЫКОВ,1887,1952,65
ХАНЫКОВ,1891,1973,82
ХАНЫКОВА,1892,1966,74
ХАПЛАНОВ,1899,1980,81
ХАПОВ,1867,1928,61
ХАРАБ,1891,1963,72
ХАРАБ,1896,1980,84
ХАРАД,1885,1922,37
ХАРБЕДИЯ,1865,1937,72
ХАРДЖИЕВ,1903,1996,93
ХАРЕВ,1914,1918,4
ХАРЖЕВСКИЙ,1892,1981,89
ХАРИ,1873,1929,56
ХАРИН,1889,1957,68
ХАРНН,1855,1930,75
ХАРИН,1889,1978,89
ХАРИН,1886,1963,77
ХАРИН,1885,1938,53
ХАРИНА,1896,1975,79
ХАРИНА,1868,1929,61
ХАРНСОВ,1902,1985,83
ХАРИСОВА,1897,1969,72
ХАРИТАНСКИЙ,1875,1922,47
ХАРИТОН,1877,1941,64
ХАРИТОН,1861,1934,73
ХАРИТОН,1868,1939,71
ХАРИТОНОВ,1888,1931,43
ХАРИТОНОВ,1879,1949,70
ХАРИТОНОВ,1889,1967,78
ХАРЕИТОНОВ,1872,1966,94
ХАРИТОНОВ,1887,1929,42
ХАРИТОНОВА,1911,1943,32
ХАРИТОНОВА,1891,1935,44
ХАРИТОНОВИЧ,1878,1941,63
ХАРИТОНОВИЧ,1869,1945,76
ХАРКЕВИЧ,1877,1962,85
ХАРКЕВИЧ,1876,1933,57
ХАРКЕВИЧ,1890,1957,67
ХАРКЕВИЧ,1907,1999,92
ХАРКЕВИЧ,1888,1958,70
ХАРКУШЕВСКИЙ,1884,1942,58
ХАРЛАМОВ,1840,1842,2
ХАРЛАМОВ,1869,1933,64
ХАРЛАМОВ,1905,1991,86
ХАРЛАМОВ,1895,1976,81
ХАРЛАМОВ,1895,1978,83
ХАРЛАМОВА,1844,1925,81
ХАРЛАМОВА,1880,1962,82
ХАРЛАНОВ,1899,1921,22
ХАРЛАШИН,1891,1951,60
ХАРОН,1878,1923,45
ХАРСКИЙ,1896,1987,91
ХАРТ,1887,1975,88
ХАРТЕН,1857,1938,81
ХАРТУЛАРИ,1865,1928,63
ХАРЧЕНКО,1897,1953,56
ХАРЧЕНКО,1880,1941,61
ХАРЧЕНКО,1908,1987,79
ХАРЧЕНКО,1853,1937,84
ХАРЬКОВ,1893,1975,82
ХАРЬКОВ,1892,1974,82
ХАРЬКОВСКАЯ,1918,2001,83
ХАРЬКОВСКИЙ,1899,1988,89
ХАСЕЛЕВА,1885,1929,44
ХАСКЕЛЬМАН,1895,1929,34
ХАСКИН,1896,1927,31
ХАСКИНА,1899,1984,85
ХАТКО,1897,1970,73
ХАУСТОВ,1901,1991,90
ХАЧИКОВ,1879,1933,54
ХАЧИКОВ,1905,1930,25
ХВАН,1910,1935,25
ХВАН,1909,1929,20
ХВАЧЕВСКИЙ,1864,1925,61
ХВЕЩУК,1909,1979,70
ХВИЦКО,1881,1933,52
ХВОЛЬСОН,1868,1934,66
ХВОЛЬСОН,1862,1931,69
ХВОЛЬСОН,1898,1969,71
ХВОРОВ,1899,1935,36
ХВОРОСТОВ,1902,1938,36
ХВОРОЩАК,1883,1938,55
ХВОСТОВ,1893,1960,67
ХВОСТОВ,1859,1940,81
ХВОСТОВ,1905,1987,82
ХВОСТОВ,1894,1951,57
ХВОСТОВСКИЙ,1896,1971,75
ХВОЩИНСКАЯ,1908,1984,76
ХЕЙК,1910,1985,75
ХЕЙФЕ,1864,1922,58
ХЕЙФЕЦ,1860,1928,68
ХЕККЕРТ,1886,1969,83
ХЕНКИН,1853,1921,68
ХЕНКИНА,1881,1963,82
ХЕРАСКОВ,1880,1963,83
ХЕРАСКОВА,1880,1969,89
ХЕРАСКОВА,1951,1992,41
ХЕРСОНСКИЙ,1895,1937,42
ХЕЧИНОВА,1890,1957,67
ХИЖНН,1894,1935,41
ХИЖНЯКОВ,1875,1946,71
ХИКИНА,1874,1936,62
ХИЛИНСКИЙ,1895,1929,34
ХИЛКОВСКАЯ,1878,1938,60
ХИЛЬКЕВИЧ,1894,1981,87
ХИЛЬКО,1949,1998,49
ХИМИЧ,1880,1979,99
ХИМИЧ,1891,1972,81
ХИМИЧ,1914,1928,14
ХИМИЧ,1881,1967,86
ХИМОНА,1865,1929,64
ХИМШИЕВ,1901,1942,41
ХИМШИЕВА,1931,1972,41
ХИНЕВИЧ,1864,1938,74
ХИНОЙ,1888,1941,53
ХИРШГОРН,1946,1996,50
ХИРЬЯКОВ,1863,1940,77
ХИТИЕВ,1877,1964,87
ХИТКОВСКИЙ,1893,1924,31
ХИТРИК,1913,1930,17
ХИТРИН,1878,1940,62
ХЕИТРИН,1888,1939,51
ХИТРИНА,1888,1933,45
ХИТРОВА,1884,1946,62
ХИТРОВО,1878,1931,53
ХИТРОВО,1891,1968,77
ХИТРОВО,1868,1923,55
ХИТРОВО,1892,1986,94
ХИТРОВО,1919,1989,70
ХИТРОВО,1865,1931,66
ХЛЕБНИКОВ,1883,1929,46
ХЛЕБНИКОВ,1882,1957,75
ХЛЕБНИКОВА,1847,1940,93
ХЛИСТУНОВ,1896,1957,61
ХЛИСТУНОВ,1891,1940,49
ХЛОПИН,1876,1962,86
ХЛОПОВ,1865,1932,67
ХЛОПОВ,1896,1974,78
ХЛОПОВ,1921,1994,73
ХЛУДЕЕВА,1896,1978,82
ХЛЫСТОВ,1933,1960,27
ХЛЫКСТОВА,1904,1984,80
ХЛЫТЧИЕВ,1886,1963,77
ХЛЫТЧИЕВА,1891,1986,95
ХЛЮСТИН,1880,1983,103
ХМАРА,1880,1926,46
ХМАРА,1887,1970,83
ХМАРА,1878,1937,59
ХМЕЛЬНИЦКИЙ,1892,1965,73
ХОВАНСКИЙ,1899,1969,70
ХОДАКОВ,1859,1926,67
ХОДАКОВ,1852,1926,74
ХОДАКОВСКИЙ,1895,1931,36
ХОДАКОВСКИЙ,1896,1971,75
ХОДАНОВИЧ,1868,1939,71
ХОДАСЕВИЧ,1886,1939,53
ХОДАСОВ,1897,1961,64
ХОДАЧИНСКИЙ,1873,1934,61
ХОДКЕВИЧ,1865,1941,76
ХОДНЕВ,1850,1937,87
ХОДНЕВ,1886,1976,90
ХОДОВ,1904,1975,71
ХОДОКОВСКАЯ,1879,1949,70
ХОДОКОВСКИЙ,1879,1950,71
ХОДОРОВИЧ,1866,1941,75
ХОДОРОВИЧ,1903,1971,68
ХОДОРОВИЧ,1857,1936,79
ХОДОРОВИЧ,1893,1930,37
ХОДОРОВИЧ,1907,1967,60
ХОДОРОВСКИЙ,1817,1945,128
ХОДОСЕВИЧ,1895,1934,39
ХОЗИКОВ,1868,1937,69
ХОККОНЕН,1873,1967,94
ХОЛАСКОВА,1891,1974,83
ХОЛЕЕВА,1871,1970,99
ХОЛИНА,1890,1923,33
ХОЛМСКИЙ,1931,1996,65
ХОЛОД,1894,1973,79
ХОЛОДКОВ,1888,1967,79
ХОЛОДОВСКИЯЙ,1897,1989,92
ХОЛОДОВСКИЙ,1858,1933,75
ХОЛОМАНОВ,1889,1964,75
ХОЛОМАНОВА,1869,1936,67
ХОЛЧЕВННИКОВ,1883,1962,79
ХОЛЬМСЕН,1865,1941,76
ХОЛЬМСЕН,1880,1939,59
ХОМАТЬЯНО,1863,1937,74
ХОМАТЬЯНО,1905,1988,83
ХОМЕНКО,1899,1991,92
ХОМЕНТОВСКАЯ,1881,1920,39
ХОМЕНТОВСКИЙ,1899,1950,51
ХОМИК,1893,1929,36
ХОМИНСКИЙ,1859,1938,79
ХОМИЦКИЙ,1902,1980,78
ХОМИЦКИЙ,1933,1944,11
ХОМИЦКИЙ,1880,1933,53
ХОМИЦКИЙ,1889,1952,63
ХОМИЧ,1880,1971,91
ХОМУТИНИН,1863,1937,74
ХОМУТИНИКНА,1878,1944,66
ХОМУТОВ,1898,1963,65
ХОМУТОВ,1889,1920,31
ХОМЯКОВ,1904,1984,80
ХОМЯКОВ,1893,1925,32
ХОМЯКОВ,1910,1927,17
ХОМЯКОВ,1850,1925,75
ХОМЯКОВА,1896,1926,30
ХОНДАЖЕВСКИЙ,1889,1944,55
ХОНДОШЕВСКИЙ,1879,1944,65
ХОПЕРСКИЙ,1900,1980,80
ХОПРИЯНИНОВА,1893,1967,74
ХОПРОВ,1892,1979,87
ХОПРОВА,1902,1993,91
ХОРВАТ,1868,1932,64
ХОРВАТ,1895,1991,96
ХОРВАТ,1863,1939,76
ХОРВАТ,1858,1937,79
ХОРВАТ,1892,1985,93
ХОРВАТ,1878,1953,75
ХОРВАТ,1906,1932,26
ХОРВАТ,1896,1935,39
ХОРЕВИЧ,1865,1943,78
ХОРЕРОВ,1911,1941,30
ХОРКУН,1895,1981,86
ХОРОШ,1861,1931,70
ХОРОШ,1894,1934,40
ХОРОШАВИН,1878,1955,77
ХОРОШИЛОВ,1879,1950,71
ХОРУЖИЙ,1883,1931,48
ХОРУНЖЕВ,1882,1937,55
ХОРЦЕВ,1868,1941,73
ХОРЦЕВА,1870,1932,62
ХОТИМ,1875,1959,84
ХОТИН,1895,1973,78
ХОТИНА,1917,1979,62
ХОТИНА,1896,1935,39
ХОТИНСКИЙ,1852,1933,81
ХОХЛАЧЕВ,1896,1945,49
ХОХЛАЧЕВ,1854,1937,83
ХОХЛАЧЕВ,1881,1937,56
ХОХЛАЧЕВ,1891,1971,80
ХОХЛОВ,1866,1932,66
ХОХЛОВ,1899,1935,36
ХОХЛОВ,1886,1963,77
ХОХЛОВ,1872,1935,63
ХОХЛОВ,1887,1936,49
ХОХЛОВ,1864,1925,61
ХОХЛОВСКАЯ,1907,1976,69
ХОХЛОВСКИЙ,1898,1955,57
ХОЧЕВА,1901,1923,22
ХОШЕВ,1898,1978,80
ХОШТАРИЯ,1887,1935,48
ХРАМОВ,1890,1958,68
ХРАМОВ,1928,1943,15
ХРАМОВИЧ,1894,1930,36
ХРАМОВИЧ,1898,1963,65
ХРАМЦОВ,1868,1933,65
ХРЕБТОВ,1871,1928,57
ХРЕНОВ,1860,1926,66
ХРЕПТОВИЧ,1890,1933,43
ХРЕПТОВИЧ,1848,1933,85
ХРЕПТОВИЧ,1922,1974,52
ХРЕЩАТИЦКИЙ,1910,1923,13
ХРИЗОСТОМ,1915,1981,66
ХРИПУНОВ,1889,1983,94
ХРИПУШИН,1901,1986,85
ХРИСОГОНОВ,1892,1982,90
ХРИСТНАНОВИЧ,1874,1936,62
ХРИСТИЧ,1856,1930,74
ХРИСТОВ,1867,1931,64
ХРИСТОФОРОВ,1890,1955,65
ХРИСТОФОРОВ,1903,1984,81
ХРИСТОФОРОВ,1900,1991,91
ХРИСТОФОРОВ,1879,1956,77
ХРИСТОФОРОВА,1918,1947,29
ХРИСТОФОРОВА,1894,1982,88
ХРОЛЬ,1901,1982,81
ХРОЛЬ,1906,1991,85
ХРОМУШИН,1898,1926,28
ХРОСЦИЦКИЙ,1840,1921,81
ХРУЛЕВ,1906,1973,67
ХРУЛЕВ,1901,1933,32
ХРУПАЛО,1887,1935,48
ХРУПМАНОВИЧ,1841,1926,85
ХРУСТАЛЕВ,1882,1941,59
ХРУСТАЛЕВ,1871,1932,61
ХРУЩЕВ,1881,1941,60
ХРУЩЕВ,1881,1972,91
ХРУЩЕВА,1890,1961,71
ХРУЩЕВА,1921,1942,21
ХРУЩОВ,1885,1976,91
ХРУЩОВА,1869,1931,62
ХУДЕКОВ,1889,1961,72
ХУДЗИК,1892,1968,76
ХУДИКОВСКИЙ,1893,1949,56
ХУДОКОРМОВ,1897,1961,64
ХУДОКОРМОВ,1890,1933,43
ХУДОКОРМОВА,1899,1965,66
ХУДЯКОВ,1886,1985,99
ХУДЯКОВ,1898,1979,81
ХУДЯКОВСКИЙ,1904,1985,81
ХУСТОВ,1888,1957,69
ХУТИЕВ,1878,1964,86
ЦАБЕЛЬ,1873,1955,82
ЦАДКИН,1890,1967,77
ЦАЛЫККАТЫ,1882,1928,46
ЦАНКО,1852,1924,72
ЦАРАЕВ,1891,1971,80
ЦАРЕВ,1861,1926,65
ЦАРЕВСКАЯ,1879,1928,49
ЦАРЕВСКИЙ,1901,1942,41
ЦАРЕНКО,1883,1920,37
ЦАРЕНКО,1893,1931,38
ЦАРИЧИЧ,1869,1947,78
ЦАРУК,1892,1938,46
ЦАРУНОВА,1906,1927,21
ЦАРЬКОВ,1881,1941,60
ЦАРЮНОВ,1939,1993,54
ЦАЦКИН,1896,1971,75
ЦВАНЦИГЕР,1855,1942,87
ЦВЕТ,1878,1940,62
ЦВЕТАНОВИЧ,1862,1942,80
ЦВЕТАНОВИЧ,1865,1944,79
ЦВЕТКОВ,1896,1937,41
ЦВЕТКОВ,1902,1953,51
ЦВЕТКОВ,1857,1928,71
ЦВЕТКОВ,1891,1952,61
ЦВЕТКОВ,1881,1947,66
ЦВЕТКОВ,1893,1980,87
ЦВЕТКОВА,1883,1967,84
ЦВЕТКОВСКАЯ,1882,1943,61
ЦВЕТКОВСКИЙ,1877,1952,75
ЦВЕТЛЕР,1884,1926,42
ЦВЕТНИЦКИЙ,1871,1941,70
ЦВИРКО,1887,1953,66
ЦЕДЕРБАУМ,1878,1963,85
ЦЕЙТЛИН,1884,1930,46
ЦЕЙШЕК,1890,1973,83
ЦЕКУРЬ,1874,1931,57
ЦЕЛИВЕЕВ,1895,1955,60
ЦЕЛЬМС,1880,1935,55
ЦЕМЕЛЬ,1902,1981,79
ЦЕМКО,1903,1978,75
ЦЕМКО,1897,1976,79
ЦЕНОБНУС,1867,1923,56
ЦЕРЕКВИЦКИЙ,1889,1965,76
ЦЕРЕТЕЛИ,1864,1942,78
ЦЕРЕТЕЛИ,1881,1959,78
ЦЕРУЛЬ,1880,1937,57
ЦЕРУЛЬНИК,1885,1960,75
ЦЕСЛИКОВСКАЯ,1915,1927,12
ЦЕТЛИН,1860,1936,76
ЦЕТЛИН,1845,1933,88
ЦЕТЛИН,1856,1933,77
ЦЕТЛИН,1892,1926,34
ЦЕТЛИН,1917,1996,79
ЦЕХАНОВИЧ,1892,1925,33
ЦЕХАНОВИЧ,1896,1932,36
ЦЕШКОВСКИЙ,1889,1974,85
ЦИБКЕВИЧ,1886,1973,87
ЦИБУЛЬСКАЯ,1937,1997,60
ЦИВИНСКАЯ,1893,1971,78
ЦИВИНСКАЯ,1868,1930,62
ЦИГАНОВА,1890,1982,92
ЦИГЛЕР,1881,1923,42
ЦИГЛЕР,1900,1982,82
ЦИКОЛОВСКАЯ,1885,1967,82
ЦИКУНОВ,1875,1937,62
ЦИЛЛИ,1920,1949,29
ЦИМБАЛ,1900,1934,34
ЦИМВАЛИСТОВА,1878,1931,53
ЦИМБАЛИСТОВА,1849,1929,80
ЦИМБАЛОВ,1887,1929,42
ЦИМЛОВ,1904,1968,64
ЦИМЛОВА,1900,1975,75
ЦИММЕРМАН,1901,1970,69
ЦИММЕРМАН,1864,1925,61
ЦИММЕРМАН,1887,1935,48
ЦИММЕРМАН,1904,1978,74
ЦИММЕРМАН,1851,1923,72
ЦИНГЕР,1870,1934,64
ЦИНГЕР,1910,1998,88
ЦИОНСОН,1862,1921,59
ЦИПКЕВИЧ,1887,1973,86
ЦИРБАЛЬ,1896,1927,31
ЦИРГ,1881,1958,77
ЦИРГ,1888,1986,98
ЦИРКАНС,1917,1983,66
ЦИРЛИНСКИЙ,1893,1937,44
ЦИРТ,1851,1926,75
ЦИРТЕЛЬ,1874,1939,65
ЦИРУЛЬ,1871,1923,52
ЦИРУЛЬНИКОВ,1871,1939,68
ЦИРУЛЬНИКОВА,1930,1998,68
ЦИСИН,1952,1997,45
ЦИТЛИДЗЕ,1861,1936,75
ЦИТОВИЧ,1872,1963,91
ЦИТОВИЧ,1895,1920,25
ЦИТОВИЧ,1855,1930,75
ЦИТОВИЧ,1902,1996,94
ЦИТОВИЧ,1908,1935,27
ЦИТОВИЧ,1877,1951,74
ЦИТРОН,1851,1926,75
ЦИТРОН,1860,1930,70
ЦИТРОНБАУМ,1886,1925,39
ЦОГОЕВ,1894,1945,51
ЦОГОЕВА,1919,1944,25
ЦОКУН,1875,1936,61
ЦОКУР,1895,1936,41
ЦОЛКА,1888,1936,48
ЦОНЕВ,1907,1993,86
ЦОПАНОВ,1896,1941,45
ЦОРН,1888,1923,35
ЦУГЛЕВИЧ,1892,1976,84
ЦУДИЛО,1893,1974,81
ЦУКЕРМАН,1910,1921,11
ЦУККЕР,1896,1919,23
ЦУККНИ,1848,1930,82
ЦУКУРОВ,1920,1921,1
ЦУЛАДЗЕ,1890,1940,50
ЦУЛУКИДЗЕ,1872,1936,64
ЦУРИКОВ,1923,1979,56
ЦУРИКОВ,1883,1941,58
ЦУЦА,1907,1927,20
ЦЫВЕНКО,1905,1936,31
ЦЫВУЛЬСКИЙ,1822,1924,102
ЦЫБВУЛЯ,1885,1960,75
ЦЫБЫК,1845,1921,76
ЦЫГАЛЬСКИЙ,1880,1941,61
ЦЫГАНКОВ,1883,1932,49
ЦЫГАНКОВ,1892,1980,88
ЦЫГАНКОВ,1893,1921,28
ЦЫГАНОВ,1883,1926,43
ЦЫГАНОК,1873,1935,62
ЦЫГАНОК,1894,1921,27
ЦЫКУНОВ,1892,1957,65
ЦЫМБАЛЮК,1894,1979,85
ЦЫНГЕЛЬ,1908,1982,74
ЦЫРЮЛЬНИКОВ,1900,1921,21
ЦЫТОВИЧ,1894,1983,89
ЦЫТОВИЧ,1907,1983,76
ЦЮРИК,1900,1980,80
ЧАБАН,1900,1939,39
ЧАБАН,1887,1953,66
ЧАБАНЕЦ,1890,1970,80
ЧАБЦЕВ,1895,1944,49
ЧАВЧАВАДЗЕ,1907,1928,21
ЧАВЧАВАДЗЕ,1905,1962,57
ЧАВЧАВАДЗЕ,1879,1967,88
ЧАВЧАВАДЗЕ,1889,1965,76
ЧАВЧАВАДЗЕ,1899,1971,72
ЧАГИН,1863,1936,73
ЧАГОВЕЦ,1890,1932,42
ЧАГОВЕЦ,1896,1975,79
ЧАДОВА,1892,1972,80
ЧАЙКИН,1897,1948,51
ЧАЙКИН,1899,1972,73
ЧАЙКОВ,1886,1978,92
ЧАЙКОВА,1881,1971,90
ЧАЙКОВСКАЯ,1900,1984,84
ЧАЙКОВСКАЯ,1911,1929,18
ЧАЙКОВСКАЯ,1872,1950,78
ЧАЙКОВСКИЙ,1894,1942,48
ЧАЙКОВСКИЙ,1885,1962,77
ЧАЙКОВСКИЙ,1894,1936,42
ЧАЙКОВСКИЙ,1885,1940,55
ЧАЙКОВСКИЙ,1880,1964,84
ЧАЙКОВСКИЙ,1850,1926,76
ЧАКВИН,1864,1935,71
ЧАКЛОШ,1885,1926,41
ЧАЛАЯ,1906,1991,85
ЧАЛЕВВА,1880,1949,69
ЧАЛЕЕВА,1901,1985,84
ЧАЛКО,1930,1947,17
ЧАЛОВСКИЙ,1895,1992,97
ЧАМАНСКАЯ,1877,1947,70
ЧАМАРА,1884,1962,78
ЧАНИН,1884,1923,39
ЧАНЦЕВА,1871,1942,71
ЧАПКИН,1875,1920,45
ЧАПКОВСКИЙ,1869,1925,56
ЧАПЛИН,1886,1950,64
ЧАПЛИЦ,1871,1930,59
ЧАПЛИЦ,1879,1959,80
ЧАПЛИЦКИЙ,1875,1938,63
ЧАПЛЫГИН,1860,1932,72
ЧАПЛЫГИН,1902,1977,75
ЧАПСКИЙ,1896,1993,97
ЧАРНКОВ,1903,1999,96
ЧАРИКОВ,1885,1965,80
ЧАРИКОВА,1885,1963,78
ЧАРКОВСКИЙ,1893,1979,86
ЧАРНОТА,1881,1926,45
ЧАРТОРИЖСКАЯ,1871,1943,72
ЧАРТОРЫЖСКИЙ,1859,1943,84
ЧАРЫКОВ,1855,1930,75
ЧАСОВНИКОВ,1893,1981,88
ЧАСТКОВ,1895,1971,76
ЧАУСОВ,1871,1929,58
ЧАХЛИНА,1901,1925,24
ЧАХОТИН,1885,1973,88
ЧАХОТИНА,1913,1987,74
ЧАЦКИЙ,1897,1924,27
ЧАЧИВАЯ,1895,1974,79
ЧАЧКОВСКИЙ,1856,1929,73
ЧАЧУА,1897,1965,68
ЧАШИН,1892,1985,93
ЧАШИНСКИЙ,1869,1936,67
ЧВАНОВА,1897,1939,42
ЧЕБАТОВ,1901,1928,27
ЧЕБЛАКОВ,1888,1924,36
ЧЕБОТАЕВ,1930,1947,17
ЧЕБОТАРЕВ,1933,1944,11
ЧЕБОТАРЕВ,1889,1980,91
ЧЕБОТАРЕВ,1874,1931,57
ЧЕВОТАРЕВ,1899,1984,85
ЧЕБОТАРЕВ,1891,1964,73
ЧЕБОТАРЕВ,1881,1935,54
ЧЕБОТАРЕВ,1902,1924,22
ЧЕБВОТАРЕВА,1896,1965,69
ЧЕБОТАРЕВСКАЯ,1901,1988,87
ЧЕБОТАРЕВСКИЙ,1896,1973,77
ЧЕБОТКЕВИЧ,1898,1951,53
ЧЕБРОТАРЕВ,1881,1935,54
ЧЕБЫШЕВ,1892,1973,81
ЧЕБЫШЕВ,1865,1937,72
ЧЕБЫШЕВА,1893,1967,74
ЧЕВАТИ,1908,1945,37
ЧЕВДАРЬ,1900,1945,45
ЧЕВЕКОВА,1901,1936,35
ЧЕВЕЛЬДЕЕВ,1887,1983,96
ЧЕВЕЛЬДЕЕВ,1906,1933,27
ЧЕВЕЛЬДЕЕВ,1869,1937,68
ЧЕВЕЛЬДЕЕВ,1898,1955,57
ЧЕВЕЛЬДЕЕВА,1896,1975,79
ЧЕВЕЛЬДЕЕВА,1868,1942,74
ЧЕВЧЕЛОВ,1881,1920,39
ЧЕВЫЧЕЛОВ,1881,1966,85
ЧЕГЛОВ,1876,1931,55
ЧЕГРИНЕЦ,1902,1995,93
ЧЕГРИНЕЦ,1902,1992,90
ЧЕЖОКОВ,1882,1935,53
ЧЕКАЛИН,1895,1927,32
ЧЕКАЛОВ,1875,1932,57
ЧЕКАН,1893,1982,89
ЧЕКАН,1897,1982,85
ЧЕКАНОВ,1894,1912,18
ЧЕКВЕР,1893,1957,64
ЧЕКМАРЕВ,1861,1939,78
ЧЕКМЕНЕВ,1890,1921,31
ЧЕКОМАСОВ,1894,1978,84
ЧЕКОМАСОВА,1894,1987,93
ЧЕКОТОВСКИЙ,1875,1941,66
ЧЕКУНОВ,1901,1935,34
ЧЕКУНОВ,1876,1956,80
ЧЕКУНОВ,1915,1937,22
ЧЕЛЕБИ,1895,1972,77
ЧЕЛИДЗЕ,1961,1997,36
ЧЕЛИЩЕВ,1901,1994,93
ЧЕЛИЩЕВ,1870,1952,82
ЧЕЛИЩЕВА,1846,1922,76
ЧЕЛИЩЕВА,1917,1957,40
ЧЕЛНОКОВ,1890,1938,48
ЧЕЛНОКОВ,1863,1935,72
ЧЕЛНОКОВ,1866,1925,59
ЧЕЛНОКОВА,1862,1932,70
ЧЕЛОВСКИЙ,1906,1976,70
ЧЕЛПАНОВ,1863,1936,73
ЧЕЛУХИН,1840,1928,88
ЧЕЛЬЦЕВ,1919,1949,30
ЧЕЛЬЦОВ,1887,1967,80
ЧЕЛЬЦОВА,1891,1967,76
ЧЕМЕЗОВ,1913,1942,29
ЧЕМЕРИС,1883,1935,52
ЧЕМПУРА,1898,1931,33
ЧЕНГЕРИ,1888,1939,51
ЧЕПЕЛЬ,1902,1927,25
ЧЕПИЯГА,1892,1969,77
ЧЕПИГО,1863,1945,82
ЧЕПУЛЬКОВСКИЙ,1873,1925,52
ЧЕПУРКОВСКАЯ,1897,1974,77
ЧЕПУРКОВСКИЙ,1911,1983,72
ЧЕПУРКОВСКИЙ,1895,1971,76
ЧЕПУРНАЯ,1892,1973,81
ЧЕПУРНОЙ,1892,1975,83
ЧЕПУРНОЙ,1924,1998,74
ЧЕПУРНЯК,1898,1981,83
ЧЕРВАКОВИЧ,1876,1925,49
ЧЕРВИНА,1897,1974,77
ЧЕРВИНКА,1889,1985,96
ЧЕРВИНКА,1848,1933,85
ЧЕРВИНСКИЙ,1862,1926,64
ЧЕРВИНСКИЙ,1886,1958,72
ЧЕРВОНАЯ,1922,1998,76
ЧЕРВОНЦЕВ,1896,1959,63
ЧЕРВЯГА,1927,1948,21
ЧЕРВЯКОВ,1898,1932,34
ЧЕРВЯКОВСКИЙ,1855,1937,82
ЧЕРДИЛЕЛИ,1854,1938,84
ЧЕРЕВКОВ,1860,1926,66
ЧЕРЕВКОВА,1868,1958,90
ЧЕРЕДЕЕВА,1868,1927,59
ЧЕРЕДНИЧЕНКО,1880,1924,44
ЧЕРЕДНИЧЕНКО,1874,1948,74
ЧЕРЕМИСИНОВ,1871,1963,92
ЧЕРЕМИСОВ,1901,1941,40
ЧЕРЕМИСОВА,1901,1981,80
ЧЕРЕМУХИН,1887,1933,46
ЧЕРЕНКОВ,1901,1971,70
ЧЕРЕНКОВА,1888,1971,83
ЧЕРЕНЦОВ,1893,1964,71
ЧЕРЕП,1866,1926,60
ЧЕРЕП,1895,1989,94
ЧЕРЕПАНОВ,1897,1969,72
ЧЕРЕПАХИН,1895,1942,47
ЧЕРЕПНИН,1873,1945,72
ЧЕРЕГЮВ,1898,1959,61
ЧЕРЕПОВ,1877,1964,87
ЧЕРЕГОВ,1902,1981,79
ЧЕРЕПОВ,1898,1947,49
ЧЕРЕПОВА,1868,1928,60
ЧЕРЕТЮКИНА,1890,1929,39
ЧЕРКАС,1904,1965,61
ЧЕРКАСЕНКО,1876,1940,64
ЧЕРКАСОВ,1873,1942,69
ЧЕРКАСОВ,1876,1942,66
ЧЕРКАСОВ,1888,1968,80
ЧЕРКАСОВ,1886,1973,87
ЧЕРКАСОВ,1903,1935,32
ЧЕРКАСОВА,1911,1998,87
ЧЕРКАСОВА,1914,1998,84
ЧЕРКАССКАЯ,1894,1963,69
ЧЕРКАССКАЯ,1867,1953,86
ЧЕРКАССКИЙ,1904,1980,76
ЧЕРКАССКИЙ,1899,1980,81
ЧЕРКАССКИЙ,1887,1953,66
ЧЕРКАССКИЙ,1884,1933,49
ЧЕРКАШЕНИНОВ,1893,1977,84
ЧЕРКАШИН,1897,1929,32
ЧЕРКАШИН,1891,1973,82
ЧЕРКАПЮВА,1868,1942,74
ЧЕРКЕС,1905,1960,55
ЧЕРКЕС,1877,1941,64
ЧЕРКЕС,1865,1945,80
ЧЕРКЕС,1869,1941,72
ЧЕРКЕСОВ,1920,1984,64
ЧЕРКЕСОВА,1903,1984,81
ЧЕРМАК,1837,1924,87
ЧЕРНАВИН,1887,1949,62
ЧЕРНАВИН,1879,1950,71
ЧЕРНАВСКАЯ,1867,1925,58
ЧЕРНАЙ,1853,1926,73
ЧЕРНАЯ,1857,1927,70
ЧЕРНЕГА,1862,1944,82
ЧЕРНЕНКО,1899,1932,33
ЧЕРНЕНКО,1889,1959,70
ЧЕРНЕНКОВ,1902,1971,69
ЧЕРНЕНКОВ,1904,1980,76
ЧЕРНЕНКОВ,1887,1975,88
ЧЕРНЕНКОВ,1919,1973,54
ЧЕРНЕНКОВ,1900,1983,83
ЧЕРНЕНКОВ,1889,1972,83
ЧЕРНЕНКОВ,1895,1979,84
ЧЕРНЕНКОВ,1926,1972,46
ЧЕРНЕНКОВА,1885,1975,90
ЧЕРНЕЦКАЯ,1908,1934,26
ЧЕРНЕЦКИЯЙ,1896,1928,32
ЧЕРНЕЦКИЙ,1894,1988,94
ЧЕРНИ,1889,1956,67
ЧЕРНИ,1883,1938,55
ЧЕРНИ,1896,1953,57
ЧЕРНИКИН,1885,1932,47
ЧЕРНИКОВ,1890,1980,90
ЧЕРНИКОВ,1878,1938,60
ЧЕРНИКОВ,1902,1935,33
ЧЕРНИКОВ,1881,1936,55
ЧЕРНИКОВА,1872,1946,74
ЧЕРНИКОВА,1911,1998,87
ЧЕРНИКОВА,1892,1950,58
ЧЕРНИКОВИЧ,1862,1928,66
ЧЕРНИЛОВСКАЯ,1907,1931,24
ЧЕРНИЛОВСКИЙ,1874,1942,68
ЧЕРНИЛОВСКИЙ,1881,1936,55
ЧЕРНИН,1913,1998,85
ЧЕРНИН,1876,1929,53
ЧЕРНИЦКИЙ,1871,1926,55
ЧЕРНИЦКИЙ,1880,1933,53
ЧЕРНИЦЫК,1914,1984,70
ЧЕРНИЧЕНКО,1900,1978,78
ЧЕРНИЧЕНКО,1905,1954,49
ЧЕРНО,1892,1937,45
ЧЕРНОБРОВ,1895,1933,38
ЧЕРНОБРОВКИН,1888,1974,86
ЧЕРНОВ,1883,1930,47
ЧЕРНОВ,1895,1943,48
ЧЕРНОВ,1883,1933,50
ЧЕРНОВ,1878,1926,48
ЧЕРНОВ,1875,1926,51
ЧЕРНОВ,1887,1954,67
ЧЕРНОВ,1881,1946,65
ЧЕРНОВ,1899,1926,27
ЧЕРНОВ,1892,1971,79
ЧЕРНОВ,1890,1959,69
ЧЕРНОВ,1878,1929,51
ЧЕРНОВ,1907,1940,33
ЧЕРНОВ,1893,1970,77
ЧЕРНОВ,1896,1936,40
ЧЕРНОВ,1894,1977,83
ЧЕРНОВ,1922,1955,33
ЧЕРНОВ,1918,1972,54
ЧЕРНОВ,1882,1974,92
ЧЕРНОВА,1910,1974,64
ЧЕРНОВА,1896,1973,77
ЧЕРНОВА,1880,1954,74
ЧЕРНОВА,1912,1977,65
ЧЕРНОВОЛЬСКАЯ,1904,1932,28
ЧЕРНОГЛАЗОВ,1899,1989,90
ЧЕРНОГЛАЗОВ,1856,1939,83
ЧЕРНОГУБОВ,1880,1959,79
ЧЕРНОГУБОВ,1885,1929,44
ЧЕРНОГУБОВ,1882,1950,68
ЧЕРНОГУБОВА,1882,1982,100
ЧЕРНОЗУБОВА,1888,1945,57
ЧЕРНОК,1902,1925,23
ЧЕРНОКНИЖНИКОВ,1883,1966,83
ЧЕРНОПИССКИЙ,1895,1983,88
ЧЕРНОСВИТОВ,1902,1945,43
ЧЕРНОСВИТОВА,1875,1970,95
ЧЕРНОУСОВ,1914,1918,4
ЧЕРНОШЕК,1884,1951,67
ЧЕРНОШЕК,1891,1962,71
ЧЕРНОЯРОВ,1902,1965,63
ЧЕРНОЯРОВ,1864,1929,65
ЧЕРНОЯРОВА,1864,1949,85
ЧЕРНОЯРОВА,1890,1968,78
ЧЕРНУХА,1900,1970,70
ЧЕРНУХА,1902,1985,83
ЧЕРНЦОВ,1899,1970,71
ЧЕРНЫЙ,1885,1920,35
ЧЕРНЫЙ,1897,1966,69
ЧЕРНЫЙ,1868,1934,66
ЧЕРНЫЙ,1890,1949,59
ЧЕРНЫЙ,1875,1939,64
ЧЕРНЫЙ,1880,1932,52
ЧЕРНЫХ,1893,1931,38
ЧЕРНЫХ,1887,1967,80
ЧЕРНЫХ,1871,1942,71
ЧЕРНЫХ,1891,1975,84
ЧЕРНЫШ,1898,1944,46
ЧЕРНЫШЕВ,1896,1938,42
ЧЕРНЫШЕВ,1892,1939,47
ЧЕРНЫШЕВ,1928,1943,15
ЧЕРНЫШЕВ,1878,1947,69
ЧЕРНЫШЕВ,1898,1956,58
ЧЕРНЫШЕВ,1894,1972,78
ЧЕРНЫШЕВИЧ,1892,1940,48
ЧЕРНЫШЕВИЧ,1889,1976,87
ЧЕРНЫШЕВСКАЯ,1912,1993,81
ЧЕРНЫШЕВСКИЙ,1885,1974,89
ЧЕРНЫШЕВСКИЙ,1896,1977,81
ЧЕРНЫШОВА,1916,1985,69
ЧЕРНЮЖК,1888,1936,48
ЧЕРНЯ,1892,1969,77
ЧЕРНЯВСКАЯ,1868,1926,58
ЧЕРНЯВСКАЯ,1890,1970,80
ЧЕРНЯВСКАЯ,1858,1923,65
ЧЕРНЯВСКАЯ,1930,2003,73
ЧЕРНЯВСКАЯ,1908,1989,81
ЧЕРНЯВСКАЯ,1906,1931,25
ЧЕРНЯВСКИЙ,1901,1970,69
ЧЕРНЯВСКИЙ,1870,1930,60
ЧЕРНЯВСКИЙ,1898,1944,46
ЧЕРНЯВСКИЙ,1876,1960,84
ЧЕРНЯВСКИЙ,1904,1926,22
ЧЕРНЯВСКИЙ,1920,1990,70
ЧЕРНЯВСКИЙ,1923,1973,50
ЧЕРНЯВСКИЙ,1887,1969,82
ЧЕРНЯВСКИЙ,1900,1942,42
ЧЕРНЯЕВ,1890,1933,43
ЧЕРНЯЕВ,1902,1974,72
ЧЕРНЯК,1896,1931,35
ЧЕРНЯК,1880,1943,63
ЧЕРНЯКОВ,1876,1939,63
ЧЕРСКАЯ,1908,1990,82
ЧЕРТАШ,1940,1944,4
ЧЕРТКОВ,1951,1969,18
ЧЕРТКОВ,1888,1938,50
ЧЕРТКОВ,1893,1983,90
ЧЕРТКОВ,1872,1938,66
ЧЕРТКОВ,1933,2000,67
ЧЕРТКОВ,1833,1937,104
ЧЕРТКОВ,1908,1999,91
ЧЕРЯТЮКИНА,1890,1929,39
ЧЕРЯЧУКИН,1872,1944,72
ЧЕСЛАВСКИЙ,1900,1973,73
ЧЕСНАКОВА,1922,1978,56
ЧЕСНО,1861,1928,67
ЧЕСНОКОВ,1902,1947,45
ЧЕСНОКОВ,1880,1944,64
ЧЕСНОКОВ,1900,1967,67
ЧЕСНОКОВ,1875,1948,73
ЧЕСНОКОВА,1892,1929,37
ЧЕТВЕРГОВ,1917,1935,18
ЧЕТВЕРИКОВ,1880,1945,65
ЧЕТВЕРИКОВ,1880,1969,89
ЧЕТВЕРИКОВ,1941,1945,4
ЧЕТВЕРИКОВ,1849,1929,80
ЧЕТВЕРИКОВ,1887,1947,60
ЧЕТВЕРИКОВА,1905,1980,75
ЧЕТВЕРИКОВА,1855,1935,80
ЧЕТВЕРИКОВА,1902,1974,72
ЧЕТВЕРИКОВА,1872,1937,65
ЧЕТВЕРТАК,1895,1928,33
ЧЕТВЕРУХИН,1880,1967,87
ЧЕТВЕРУХИН,1884,1961,77
ЧЕТВЕРУХИНА,1853,1937,84
ЧЕТЫРКИНА,1879,1948,69
ЧЕХОВА,1887,1968,81
ЧЕХОВА,1897,1980,83
ЧЕХОВИЧ,1875,1931,56
ЧЕХОВИЧ,1858,1935,77
ЧЕХОМОВ,1880,1945,65
ЧЕХОНИН,1907,1962,55
ЧЕХОНИН,1905,1937,32
ЧЕХУНИН,1891,1973,82
ЧЕХУРСКАЯ,1907,1968,61
ЧЕЧЕЛЕВ,1935,1936,1
ЧЕЧЕРНИКОВА,1933,1933,0
ЧЕШЕВА,1904,1933,29
ЧЕШЕЛЬ,1885,1961,76
ЧЕШЕЛЬ,1887,1965,78
ЧЕШЕР,1858,1929,71
ЧИГЛОВСКИЙ,1900,1979,79
ЧИДАДЗЕ,1901,1932,31
ЧИЖЕВСКИЙ,1894,1956,62
ЧИЖЕВСКИЙ,1880,1931,51
ЧИЖЕВСКИЙ,1894,1977,83
ЧИЖЕВСКИЙ,1860,1925,65
ЧИЖИКОВ,1868,1933,65
ЧИЖОВ,1896,1952,56
ЧИЖОВ,1871,1941,70
ЧИЖОВ,1892,1986,94
ЧИЖОВ,1897,1969,72
ЧИЖОВ,1897,1969,72
ЧИЖОВ,1882,1961,79
ЧИЖОВА,1897,1968,71
ЧИЖСКИЙ,1905,1927,22
ЧИКАЛОВ,1905,1982,77
ЧИКИЛЬДИН,1901,1987,86
ЧИКИН,1905,1983,78
ЧИКУРОВ,1881,1931,50
ЧИМЕРИН,1887,1938,51
ЧИНДИН,1880,1939,59
ЧИННОВ,1909,1996,87
ЧИНОВА,1852,1936,84
ЧИПЮВ,1898,1967,69
ЧИРИК,1868,1921,53
ЧИРИКОВ,1901,1993,92
ЧИРИКОВ,1864,1932,68
ЧИРИКОВ,1910,1992,82
ЧИРИКОВ,1888,1973,85
ЧИРИКОВА,1852,1936,84
ЧИРИКОВА,1904,1988,84
ЧИРИКОВА,1889,1966,77
ЧИРИКОВА,1895,1967,72
ЧИРКИН,1878,1933,55
ЧИРКОВ,1899,1940,41
ЧИРКОВ,1879,1926,47
ЧИРКОВА,1877,1942,65
ЧИСЕНКО,1899,1929,30
ЧИСТАЯ,1899,1981,82
ЧИСТОВСКАЯ,1902,1994,92
ЧИСТОВСКИЙ,1898,1977,79
ЧИСТОПОЛЬСКАЯ,1903,1940,37
ЧИСТОПОЛЬСКИЙ,1902,1948,46
ЧИСТОПОЛЬСКИЙ,1904,1961,57
ЧИСТОПОЛЬСКИЙ,1927,1960,33
ЧИСТОСЕРДОВА,1867,1937,70
ЧИСТЯКОВ,1898,1965,67
ЧИСТЯКОВ,1892,1923,31
ЧИСТЯКОВ,1879,1939,60
ЧИСТЯКОВ,1865,1939,74
ЧИСТЯКОВ,1871,1938,67
ЧИСТЯКОВ,1857,1922,65
ЧИСТЯКОВ,1911,1969,58
ЧИСТЯКОВ,1899,1925,26
ЧИСТЯКОВ,1881,1939,58
ЧИСТЯКОВ,1887,1960,73
ЧИСТЯКОВА,1939,1993,54
ЧИСТЯКОВА,1860,1926,66
ЧИСТЯКОВА,1890,1948,58
ЧИСТЯКОВА,1896,1977,81
ЧИТИКОВ,1919,1923,4
ЧИХАЧОВ,1889,1957,68
ЧИЧА,1896,1939,43
ЧИЧАГОВ,1886,1932,46
ЧИЧЕРИН,1892,1967,75
ЧИЧЕРИН,1889,1982,93
ЧИЧЕРИН,1882,1930,48
ЧИЧИБАБИНА,1875,1960,85
ЧИЧИНАДЗЕ,1907,1970,63
ЧИЧКОВ,1869,1946,77
ЧИШЩКОВСКИЙ,1904,1981,77
ЧЛЕНОВ,1864,1952,88
ЧМЕЛЬЪ,1854,1934,80
ЧОГЛОКОВ,1867,1921,54
ЧУБВАРОВ,1874,1926,52
ЧУБАРОВ,1886,1962,76
ЧУБАРОВ,1872,1923,51
ЧУВАРОВ,1888,1930,42
ЧУБАРОВ,1902,1975,73
ЧУВИН,1884,1932,48
ЧУБИНСКАЯ,1872,1939,67
ЧУВИНСКАЯ,1850,1932,82
ЧУБИНСКАЯ,1889,1981,92
ЧУБИНСКИЙ,1871,1943,72
ЧУБИНСКИЙ,1875,1927,52
ЧУБОВ,1886,1953,67
ЧУБУКОВ,1900,1931,31
ЧУГАЕВ,1894,1961,67
ЧУГАЙ,1871,1937,66
ЧУДИНОВ,1894,1932,38
ЧУДИНОВ,1871,1942,71
ЧУДНОВСКИЙ,1897,1977,80
ЧУДОВСКАЯ,1878,1928,50
ЧУДОР,1900,1947,47
ЧУЖОЙ,1895,1969,74
ЧУИЧ,1894,1938,44
ЧУНЙЧ,1891,1964,73
ЧУЙКЕВИЧ,1874,1960,86
ЧУКАВИН,1909,1936,27
ЧУКАВОВ,1893,1948,55
ЧУКАЕВЛА,1001,1995,994
ЧУКОВА,1893,1975,82
ЧУЛАНОВСКИЙ,1898,1972,74
ЧУЛКОВ,1895,1961,66
ЧУМАК,1901,1974,73
ЧУМАК,1909,1985,76
ЧУМАК,1897,1970,73
ЧУМАКОВ,1861,1937,76
ЧУМАКОВ,1901,1926,25
ЧУМАКОВ,1870,1945,75
ЧУМАКОВ,1898,1928,30
ЧУМАКОВ,1901,1925,24
ЧУМАЧЕНКО,1892,1972,80
ЧУМАЧЕНКО,1876,1931,55
ЧУНГУР,1901,1926,25
ЧУНИХИН,1873,1939,66
ЧУПРИЛО,1878,1938,60
ЧУПРОВ,1874,1926,52
ЧУПРОВ,1912,1973,61
ЧУПРЯЕВ,1864,1934,70
ЧУРАЕВ,1891,1971,80
ЧУРАКОВ,1912,1936,24
ЧУРАЯНЦ,1892,1972,80
ЧУРИЛОВ,1936,1937,1
ЧУРИЛОВ,1901,1936,35
ЧУРКОВСКИЙ,1898,1931,33
ЧУРСИНОВ,1892,1973,81
ЧУТСКОВА,1875,1955,80
ЧУХМАЧЕНКО,1886,1920,34
ЧУХНОВ,1897,1978,81
ЧУХНОВА,1903,1933,30
ЧУЦКОВА,1901,1974,73
ЧУЧУВАДЗЕ,1912,1980,68
ЧХЕНДЗЕ,1864,1926,62
ЧХЕНКЕЛН,1874,1959,85
ЧХЕНКЕЛИ,1870,1935,65
ШАБАГА,1881,1953,72
ШАБАД,1855,1921,66
ШАБАЛИН,1891,1933,42
ШАБАЛКИН,1898,1937,39
ШАБАНОВ,1889,1988,99
ШАБАНОВА,1899,1971,72
ШАБАТУРА,1895,1972,77
ШАБАШ,1934,1997,63
ШАБАШЕВ,1881,1956,75
ШАБЕЛЬСКИЙ,1890,1941,51
ШАБЕЛЬСКИЙ,1857,1930,73
ШАБЕЛЬСКИЙ,1904,1933,29
ШАБЕРТ,1867,1936,69
ШАБЛОВСКИЙ,1908,1927,19
ШАБЛОВСКИЙ,1907,1938,31
ШАВБЛОВСКИЙ,1873,1934,61
ШАБЛЫКО,1891,1957,66
ШАБОВА,1901,1999,98
ШАБОТИНСКАЯ,1877,1959,82
ШАБШАЙ,1890,1983,93
ШАВАН,1889,1958,69
ШАВЛОВ,1874,1926,52
ШАВРОВ,1874,1946,72
ШАВРОВ,1900,1931,31
ШАВРОВ,1869,1939,70
ШАВРОВ,1903,1990,87
ШАВЫРИН,1875,1938,63
ШАГАЛ,1889,1985,96
ШАГАНСКИЙ,1882,1920,38
ШАДЕВИТЦ,1859,1944,85
ШАДРИН,1877,1970,93
ШАДРИНА,1881,1969,88
ШАЕВА,1881,1942,61
ШАЙДИЦКИВ,1890,1981,91
ШАЙКЕВИЧ,1879,1947,68
ШАЙКЕВИЧ,1903,1972,69
ШАЙКЕВИЧ,1848,1928,80
ШАЙКЕВИЧ,1872,1935,63
ШАЙКОВ,1905,1926,21
ШАЙТАН,1846,1928,82
ШАКЕЛЬ,1853,1927,74
ШАКЛЕННА,1861,1931,70
ШАКОВИЦКИЙ,1904,1937,33
ШАКОВИЧ,1895,1963,68
ШАКУН,1925,1983,58
ШАЛАМОВ,1930,1932,2
ШАЛАМОВ,1897,1977,80
ШАЛАМОВ,1896,1982,86
ШАЛАМОВ,1902,1970,68
ШАЛАМОВА,1913,1986,73
ШАЛИКОВ,1856,1930,74
ШАЛИТ,1895,1929,34
ШАЛИТ,1880,1939,59
ШАЛИТ,1905,1922,17
ШАЛКОВСКИЙ,1860,1926,66
ШАЛМАН,1903,1926,23
ШАЛОВ,1902,1934,32
ШАЛФЕЕВ,1891,1935,44
ШАЛЫГИНА,1855,1929,74
ШАЛЬМАН,1851,1926,75
ШАЛЯПИН,1904,1979,75
ШАЛЯПИН,1873,1938,65
ШАЛЯПИН,1905,1992,87
ШАЛЯПИНА,1901,1975,74
ШАМБО,1909,1987,78
ШАМГИЕВА,1888,1940,52
ШАМЗОН,1898,1927,29
ШАМИЕ,1898,1934,36
ШАМОВ,1883,1930,47
ШАМПЬЕ,1897,1942,45
ШАМПЬЕ,1893,1938,45
ШАМПЬЕ,1894,1962,68
ШАМРАЕВА,1920,1985,65
ШАМРАЕВСКИЙ,1879,1934,55
ШАМРАЙ,1930,1930,0
ШАМРАЙ,1891,1965,74
ШАМХАЛ,1878,1951,73
ШАМШИН,1884,1966,82
ШАНГАЛДИНОВ,1893,1921,28
ШАНГИН,1878,1938,60
ШАНДЛЕР,1878,1938,60
ШАНИНА,1905,1927,22
ШАНИНОВСКИЙ,1902,1976,74
ШАНТИНА,1870,1941,71
ШАНТИР,1879,1928,49
ШАПИЛОВСКИЙ,1888,1954,66
ШАПИРО,1848,1926,78
ШАПИРО,1875,1929,54
ШАПИРО,1865,1922,57
ШАПИРО,1868,1926,58
ШАПИРО,1853,1926,73
ШАПИРО,1872,1936,64
ШАПИРО,1873,1925,52
ШАПИРО,1880,1937,57
ШАПИРО,1877,1926,49
ШАПКИН,1884,1940,56
ШАПКИН,1895,1980,85
ШАПКИН,1888,1967,79
ШАПОВАЛОВ,1893,1970,77
ШАПОВАЛОВ,1895,1978,83
ШАПОВАЛОВ,1870,1937,67
ШАПОВАЛОВ,1900,1980,80
ШАПОВАЛОВ,1876,1931,55
ШАПОВАЛОВ,1865,1925,60
ШАПОВАЛОВ,1889,1934,45
ШАПОВАЛОВ,1928,1943,15
ШАПОШНИКОВ,1892,1969,77
ШАПОШНИКОВ,1948,2001,53
ШАПОШНЯКОВ,1891,1967,76
ШАПОШНИКОВ,1934,1950,16
ШАПОШНИКОВ,1882,1961,79
ШАПОШНИКОВ,1892,1962,70
ШАПОШНИКОВ,1892,1980,88
ШАПОШНИКОВА,1901,1943,42
ШАПОШНИКОВА,1900,1970,70
ШАПОШНИКОВА,1896,1958,62
ШАГЮШНИКОВА,1885,1970,85
ШАПРОН,1883,1947,64
ШАПРОН,1932,2000,68
ШАПТАЛЕНКО,1921,1943,22
ШАПУРГА,1930,1991,61
ШАПШАЛ,1878,1949,71
ШАПШАЛ,1887,1930,43
ШАРАВСКИЙ,1862,1928,66
ШАРАПОВ,1872,1938,66
ШАРБО,1898,1975,77
ШАРВИНА,1863,1941,78
ШАРЕВСКИЙ,1874,1936,62
ШАРНКОВА,1881,1931,50
ШАРИН,1886,1931,45
ШАРИН,1889,1981,92
ШАРИНА,1894,1981,87
ШАРКО,1900,1992,92
ШАРКОВ,1894,1966,72
ШАРКОВА,1897,1979,82
ШАРЛЕ,1915,1941,26
ШАРЛЕВ,1839,1926,87
ШАРМАГЕЙ,1892,1972,80
ШАРМИЦКИЙ,1899,1926,27
ШАРНИПОЛЬСКИЙ,1901,1929,28
ШАРОЙКО,1912,1940,28
ШАРТОВ,1887,1932,45
ШАСТНАЯ,1897,1980,83
ШАСТНЫЙ,1885,1955,70
ШАТАЕВА,1903,1938,35
ШАТАЛОВ,1874,1942,68
ШАТАЛОВ,1917,2002,85
ШАТАЛОВА,1860,1930,70
ШАТЕЛЕН,1864,1935,71
ШАТЕЛЕН,1913,1976,63
ШАТИЛОВ,1891,1972,81
ШАТИЛОВ,1923,1986,63
ШАТИЛОВ,1881,1962,81
ШАТИЛОВА,1867,1943,76
ШАТИЛОВА,1853,1933,80
ШАТИЛОВА,1887,1983,96
ШАТИЛОВА,1895,1989,94
ШАТКОВСКАЯ,1871,1929,58
ШАТКОВСКИЙ,1872,1944,72
ШАТОВ,1889,1926,37
ШАТОВ,1920,1980,60
ШАТОВ,1853,1932,79
ШАТОВ,1888,1966,78
ШАТОВА,1864,1935,71
ШАТРОВ,1869,1939,70
ШАТРОВ,1854,1932,78
ШАТРОВА,1862,1941,79
ШАТУНОВСКАЯ,1921,1982,61
ШАУФЕЛЬБЕРГЕР,1875,1938,63
ШАЛУФЕЛЬБЕРГЕР,1872,1938,66
ШАУФУС,1890,1986,96
ШАФЕРИСТ,1904,1972,68
ЩШАФРАНОВСКАЯ,1912,1982,70
ШАФРАНОВСКИЙ,1912,1931,19
ШАФРАНОВСКИЙ,1896,1959,63
ШАХАРАТОВ,1896,1923,27
ШАХНОВИЧ,1869,1929,60
ШАХОВ,1855,1921,66
ШАХОВА,1894,1979,85
ШАХОВСКАЯ,1872,1963,91
ШАХОВСКАЯ,1866,1933,67
ШАХОВСКАЯ,1890,1981,91
ШАХОВСКОЙ,1886,1921,35
ШАХОВСКОЙ,1884,1931,47
ШАХОВСКОЙ,1868,1927,59
ШАХОВСКОЙ,1904,1972,68
ШАХОВСКОЙ,1897,1942,45
ШАХОВСКОЙ,1874,1954,80
ШАХОВСКОЙ,1871,1930,59
ШАХОВСКОЙ,1881,1926,45
ШАХОВСКОЙ,1910,1995,85
ШАХОВСКОЙ,1872,1955,83
ШАХОВЦЕВ,1893,1944,51
ШАЦИНСКИЙ,1894,1976,82
ШАЦКАЯ,1855,1938,83
ШАЦКИЙ,1890,1941,51
ШАЦКИЙ,1871,1929,58
ШАЦКО,1901,1955,54
ШАШЕР,1928,1943,15
ШАШКОВ,1876,1941,65
ШАШКОВА,1889,1969,80
ШВАБО,1933,1982,49
ШВАЙДАК,1930,1948,18
ШВАЙКОВСКИЙ,1889,1943,54
ШВАНК,1890,1937,47
ШВАРТЦ,1854,1931,77
ШВАРЦ,1843,1923,80
ШВАРЦ,1923,1997,74
ШВАРЦ,1871,1935,64
ШВАРЦ,1860,1928,68
ШВАРЦ,1873,1946,73
ШВАРЦ,1908,1967,59
ШВАРЦ,1866,1962,96
ШВАРЦБАРД,1887,1938,51
ШВАРЦГОФХ,1909,1929,20
ШВАРЦФЕЛЬД,1928,1997,69
ШВЕД,1894,1962,68
ШВЕД,1888,1966,78
ШВЕД,1884,1934,50
ШВЕД,1880,1973,93
ШВЕД,1885,1975,90
ШВЕДЕР,1895,1977,82
ШВЕДОВ,1886,1954,68
ШВЕДОВ,1849,1927,78
ШВЕДОВА,1910,1991,81
ШВЕДРЕВИЦ,1887,1979,92
ШВЕДЧИКОВ,1893,1967,74
ШВЕЙНФУРТ,1904,1966,62
ШВЕЦ,1896,1946,50
ШВЕЦ,1902,1981,79
ШВЕЦ,1882,1940,58
ШВЕЦ,1894,1932,38
ШВЕЦОВ,1868,1934,66
ШВЕЦОВ,1896,1966,70
ШВЕЦОВ,1891,1941,50
ШВЕЦОВ,1889,1926,37
ШВЕЦОВ,1887,1966,79
ШВЕЦОВ,1889,1964,75
ШВЕЦОВ,1869,1934,65
ШВИГЕР,1890,1926,36
ШВИДКОЙ,1895,1976,81
ШВИСНИХ,1890,1921,31
ШВОРАК,1889,1945,56
ШВЫРОВ,1879,1945,66
ШЕВАЛИН,1890,1968,78
ШЕВАЛИН,1890,1964,74
ШЕБАЛИНА,1902,1964,62
ШЕБАНОВ,1895,1973,78
ШЕБАРЕВ,1905,1926,21
ШЕБЕКО,1892,1927,35
ШЕБЕКО,1864,1943,79
ШЕВЕКО,1895,1945,50
ШЕВЕКО,1839,1935,96
ШЕВЕКО,1905,1967,62
ШЕБЕКО,1863,1953,90
ШЕБВЕКО,1898,1983,85
ШЕБОР,1847,1928,81
ШЕВАЛЬЕ,1879,1971,92
ШЕВАН,1863,1950,87
ШЕВАРДЯКОВ,1899,1973,74
ШЕВЕЛЕВ,1873,1926,53
ШЕВЕЛЕВ,1898,1928,30
ШЕВЕЛЕВ,1864,1934,70
ШЕВЕЛЕВ,1881,1971,90
ШЕВЕЛЕВ,1886,1928,42
ШЕВЕЛЕВА,1885,1923,38
ШЕВЕЛЕВА,1873,1936,63
ШЕВИЧ,1871,1966,95
ШЕВИЧ,1885,1974,89
ШЕВИЧ,1913,1982,69
ШЕВЛЮЖК,1896,1935,39
ШЕВЛЯГИН,1958,1978,20
ШЕВЦОВ,1900,1941,41
ШЕВЦОВ,1899,1947,48
ШЕВЦОВА,1892,1943,51
ШЕВЧЕНКО,1931,1967,36
ШЕВЧЕНКО,1872,1933,61
ШЕВЧЕНКО,1903,1945,42
ШЕВЧЕНКО,1887,1967,80
ШЕВЧЕНКО,1901,1945,44
ШЕВЧЕНКО,1877,1932,55
ШЕВЧЕНКО,1901,1974,73
ШЕВЧЕНКО,1928,1943,15
ШЕВЧЕНКО,1887,1955,68
ШЕВЧЕНКО,1866,1934,68
ШЕВЧЕНКО,1943,1947,4
ШЕВЧЕНКО,1885,1945,60
ШЕВЧЕНКО,1898,1971,73
ШЕВЧЕНКО,1888,1940,52
ШЕВЧИК,1895,1986,91
ШЕВЧИК,1909,1985,76
ШЕВЧУК,1898,1084,-814
ШЕВЧУК,1909,1978,69
ШЕВЧУК,1883,1929,46
ШЕВЫРЕВ,1875,1934,59
ШЕВЫРЕВ,1901,1937,36
ШЕВЯКОВ,1900,1915,15
ШЕВЯКОВ,1889,1926,37
ШЕВЯКОВА,1913,1965,52
ШЕДЕВЕР,1889,1966,77
ШЕЙН,1875,1947,72
ШЕЙН,1898,1928,30
ШЕННА,1900,1984,84
ШЩЕЙКА,1932,1970,38
ШЕЙКА,1894,1961,67
ШЕЙКОВСКИЙ,1880,1933,53
ШЕЙМО,1878,1930,52
ШЕЙН,1874,1926,52
ШЕЙНЕРСОН,1850,1931,81
ШЕЙНЕРТ,1899,1973,74
ШЕЙНЕСОН,1914,1937,23
ШЕЙНИН,1874,1926,52
ШЕЙНФЕЛЬД,1858,1929,71
ШЕЙНФЕЛЬД,1861,1931,70
ШЕЛАВИН,1901,1982,81
ШЕЛЕГОВА,1901,1929,28
ШЕЛЕЙКИС,1894,1941,47
ШЕЛЕМЕТЬЪЕВ,1873,1934,61
ШЕЛЕМЕТЬЕВА,1934,1997,63
ШЕЛЕПИНА,1888,1969,81
ШЕЛЕПКОВА,1896,1925,29
ШЕЛЕСТ,1876,1937,61
ШЕЛЕСТ,1919,1998,79
ШЕЛЕСТ,1914,1989,75
ШЕЛЕСТ,1880,1938,58
ШЕЛЕСТОВ,1894,1959,65
ШЕЛЕХОВ,1876,1961,85
ШЕЛЕХОВ,1868,1930,62
ШЕЛИНГОВ,1889,1981,92
ШЕЛКОВ,1888,1973,85
ШЕЛЛИ,1862,1943,81
ШЕЛЛЬ,1919,1941,22
ШЕЛЛЬ,1863,1923,60
ШЕЛЛЬ,1869,1939,70
ШЕЛОУМОВ,1892,1983,91
ШЕЛОУМОВА,1897,1975,78
ШЕЛУДКИН,1889,1977,88
ШЕЛУДКОВСКАЯ,1898,1962,64
ШЕЛУДКОВСКИЙ,1888,1936,48
ШЕЛУДКОВСКИЙ,1896,1979,83
ШЕЛУДЧЕНКО,1898,1979,81
ШЕЛУДЬКО,1897,1933,36
ШЕЛУХИН,1861,1925,64
ШЕЛУХИН,1865,1989,124
ШЕЛУХИН,1896,1897,1
ШЕЛЬДЯЕВА,1882,1980,98
ШЕЛЬКИНГ,1859,1927,68
ШЕЛЯКИН,1876,1944,68
ПШЕЛЯКИНА,1904,1984,80
ШЕЛЯХОВСКИЙ,1879,1931,52
ШЕМЕТОВА,1904,1985,81
ШЕНДЕЛЬ,1886,1965,79
ШЕНДЕЛЬ,1896,1965,69
ШЕНЕ,1895,1942,47
ШЕНЕРМАН,1860,1929,69
ШЕНКЕР,1896,1981,85
ШЕНОХИН,1889,1959,70
ШЕНШИН,1890,1940,50
ШЕНШИН,1886,1941,55
ШЕНШИН,1911,1939,28
ШЕНШИН,1897,1944,47
ШЕНШИН,1888,1969,81
ШЕНШИН,1897,1981,84
ШЕПЕЛЕВ,1896,1934,38
ШЕПЕЛЕВ,1892,1928,36
ШЕПЕЛЕВ,1900,1935,35
ШЕПЕЛЕВА,1907,1982,75
ШЕПЕЛЕВСКАЯ,1956,1998,42
ШЕПЕЛЬ,1879,1968,89
ШЕПЕТКОВСКИЙ,1888,1964,76
ШЕГПЮВАЛОВ,1941,1946,5
ШЕППИНГ,1909,1945,36
ШЕПСКАЯ,1843,1926,83
ШЕПТУХИН,1892,1969,77
ШЕПЧЕНКО,1900,1937,37
ШЕПЧЕНКО,1901,1983,82
ШЕРБАНЕВ,1886,1956,70
ШЕРБОВИЧ,1878,1958,80
ШЕРВАШИДЗЕ,1867,1968,101
ШЕРГОВ,1899,1926,27
ШЕРЕМЕТ,1897,1975,78
ШЕРЕМЕТЕВ,1859,1931,72
ШЕРЕМЕТЕВ,1906,1986,80
ШЕРЕМЕТЕВ,1887,1971,84
ШЕРЕМЕТЕВ,1887,1969,82
ШЕРЕМЕТЕВ,1885,1963,78
ШЕРЕМЕТЕВ,1887,1942,55
ШЕРЕМЕТЕВ,1908,1972,64
ШЕРЕМЕТЕВ,1880,1968,88
ШЕРЕМЕТЕВА,1915,1967,52
ШЕРЕМЕТЕВА,1863,1939,76
ШЕРЕМЕТИНСКАЯ,1902,1980,78
ШЕРЕМЕТИНСКИЙ,1894,1925,31
ШЕРЕМЕТОВ,1928,1991,63
ШЕРЕМЕТОВ,1913,1994,81
ШЕРЕМЕТОВ,1924,1995,71
ШЕРЕМЕТОВИЧ,1891,1939,48
ШЕРЕМЕТЬЕВ,1904,1979,75
ШЕРЕПОВ,1928,1943,15
ШЕРЕШЕВСКИЙ,1865,1938,73
ШЕРЕШЕВСКИЙ,1838,1925,87
ШЕРЕШЕВСКИЙ,1874,1933,59
ШЕРМАН,1876,1925,49
ШЕРРЕЛЬ,1892,1938,46
ШЕРСТОБИТОВА,1911,1974,63
ШЕРСТОБОЕВ,1914,1968,54
ШЕРСТЮЖК,1928,1943,15
ШЕРУПЕНКОВ,1892,1971,79
ШЕРШНЕВ,1880,1972,92
ШЕСТА,1880,1954,74
ШЕСТАК,1848,1925,77
ШЕСТАКОВ,1892,1962,70
ШЕСТАКОВ,1889,1938,49
ШЕСТАКОВ,1895,1950,55
ШЕСТАКОВ,1857,1922,65
ШЕСТАКОВ,1887,1965,78
ШЕСТАКОВ,1859,1930,71
ШЕСТАКОВА,1868,1921,53
ШЕСТАКОВА,1864,1926,62
ШЩЕСТЕРИК,1907,1948,41
ШЕСТЕРИК,1887,1947,60
ШЕСТОВ,1897,1932,35
ШЕСТОПАЛОВ,1885,1969,84
ШЕТКОВСКИЙ,1891,1975,84
ШЕТОХИНА,1880,1941,61
ШЕТЦЕН,1874,1938,64
ШЕФЕР,1896,1938,42
ШЕФТЕЛЬ,1852,1922,70
ШЕФТМИН,1848,1926,78
ШЕФФЕР,1890,1982,92
ШЕХОВЦЕВ,1891,1932,41
ШЕХОНИН,1882,1970,88
ШЕХТЕР,1955,1998,43
ШЕШМАНЦЕВ,1857,1924,67
ШЕШОТОВ,1904,1937,33
ШИБА,1894,1931,37
ШИБАЕВ,1883,1923,40
ШИБАЕВА,1932,1962,30
ШИБАЕВА,1900,1919,19
ШИБАЕВА,1899,1946,47
ШИБАЛИНА,1874,1939,65
ШИБИНСКИЙ,1871,1935,64
ШИВКОВ,1888,1926,38
ШИГАЛЕВ,1855,1925,70
ШИГАРЕВ,1882,1954,72
ШИГИН,1880,1935,55
ШИГИНА,1881,1930,49
ШИДЛЕР,1869,1940,71
ШИДЛОВСКАЯ,1869,1937,68
ШИДЛОВСКАЯ,1894,1935,41
ШИДЛОВСКАЯ,1866,1935,69
ШИДЛОВСКАЯ,1871,1938,67
ШИДЛОВСКИЙ,1897,1938,41
ШИДЛОВСКИЙ,1873,1932,59
ШИДЛОВСКИЙ,1899,1970,71
ШИДЛОВСКИЙ,1900,1944,44
ШИДЛОВСКИЙ,1859,1935,76
ШИДЛОВСКИЙ,1893,1986,93
ШИДЛОВСКИЙ,1865,1934,69
ШИДЛОВСКИЙ,1861,1922,61
ШИДЛОВСКИЙ,1880,1947,67
ШИДЛОВСКИЙ,1893,1974,81
ШИДЛОВСКИЙ,1856,1931,75
ШИЕНКО,1899,1981,82
ШИКОРОВ,1868,1928,60
ШЕЛЕЙКИШСКАЯ,1864,1926,62
ШИЛЕЙКО,1892,1969,77
ШИЛЕПОВА,1884,1929,45
ШИЛИНЦОВА,1864,1927,63
ШИЛКИН,1900,1962,62
ШИЛЛИНГ,1879,1933,54
ШИЛЛИНГ,1870,1955,85
ШИЛЛИНГ,1877,1937,60
ШИЛЛИНГ,1876,1937,61
ШИЛЛЯНГ,1878,1965,87
ШИЛЛИНГ,1872,1934,62
ШИЛЛИНГ,1870,1946,76
ШИЛЛИНГ,1881,1947,66
ШИЛО,1897,1974,77
ШИЛОВ,1893,1964,71
ШИЛОВ,1900,1979,79
ШИЛОВ,1896,1978,82
ШИЛОВА,1902,1956,54
ШИЛОВА,1912,1930,18
ШИЛОВСКИЙ,1894,1969,75
ШИЛОВСКВЙ,1881,1958,77
ШИЛОВЦЕВ,1904,1992,88
ШИЛЬ,1882,1919,37
ШИЛЬДКНЕХТ,1888,1971,83
ШИЛЬНИКОВ,1882,1934,52
ШИЛЯЕВ,1919,1938,19
ШИЛЯНСКИЙ,1878,1957,79
ШИЛЯРСКИЙ,1905,1929,24
ШИМАНОВ,1910,1935,25
ШИМАНОВСКАЯ,1896,1980,84
ШИМАНСКИЙ,1894,1963,69
ШИМАНСКИЙ,1899,1924,25
ШИМАНСКИЙ,1908,1929,21
ШИМАНСКИЙ,1868,1931,63
ШИМАНСКИЙ,1893,1966,73
ШИМЕЛИОВИЧ,1853,1925,72
ШЯМКЕВИЧ,1883,1964,81
ШИМКЕВНИЧ,1883,1964,81
ШИМКЕВИЧ,1869,1965,96
ШИМКИН,1883,1967,84
ШИМОНАЕВ,1871,1937,66
ШИМОНСКИЙ,1894,1943,49
ШИМЧЕНКО,1896,1935,39
ШИМЧУК,1895,1939,44
ШИНДЛЕР,1861,1927,66
ШИНДЛЕР,1869,1940,71
ШИНИН,1894,1958,64
ШИНКАРЕВ,1886,1936,50
ШИНКАРЕНКО,1881,1973,92
ШИНКАРЕНКО,1890,1968,78
ШИНКЕВИЧ,1887,1953,66
ШИНКОВ,1890,1969,79
ШИНКОВА,1925,1992,67
ШИНКОВА,1906,1961,55
ШИНШИН,1893,1954,61
ШИПАРЕВ,1873,1943,70
ШИПИЛЕВ,1874,1935,61
ШИПКОВ,1892,1980,88
ШИПЛЯКОВ,1878,1934,56
ШИПОВ,1873,1958,85
ШИГЮВА,1879,1967,88
ШИПОТОВСКИЙ,1907,1974,67
ШИПУЛИН,1897,1936,39
ШИПУЛИН,1912,1988,76
ШИПУНОВ,1879,1961,82
ШИПУНОВ,1879,1952,73
ШИРАЙ,1898,1972,74
ШИРАЙ,1888,1949,61
ШИРВИНСКАЯ,1853,1931,78
ШИРЕЙКО,1865,1926,61
ШИРИНКИН,1861,1937,76
ШИРИНКИН,1891,1979,88
ШИРИНКИНА,1917,1990,73
ШИРИНСКИЙ,1890,1942,52
ШИРОВ,1864,1949,85
ШИРОВ,1898,1969,71
ШИРОКОВ,1847,1928,81
ШИРОКОГОРОВ,1887,1939,52
ШИРОКОЛОБОВ,1884,1972,88
ШИРОЦКИЙ,1902,1977,75
ШИРСКИЙ,1859,1927,68
ШИРЯЕВ,1917,2000,83
ШИРЯЕВ,1889,1959,70
ШИРЯЕВ,1883,1954,71
ШИРЯЕВ,1901,1972,71
ШИРЯЕВ,1887,1945,58
ШИРЯЕВА,1924,1996,72
ШИРЯЕВА,1907,1979,72
ШИРЯЕВА,1898,1966,68
ШИРЯЙ,1903,1936,33
ШИФМАН,1904,1930,26
ШИФНЕР,1887,1921,34
ШИФРИН,1923,1998,75
ШИФРИН,1875,1981,106
ШИФФЕРБЛАТ,1890,1936,46
ШИХОВ,1909,1981,72
ШИШИН,1874,1931,57
ШИШКИН,1892,1969,77
ШИШКИН,1867,1931,64
ШИШКИН,1911,1936,25
ШИШКИН,1863,1953,90
ШИШКИН,1852,1928,76
ШИШКИН,1886,1962,76
ШИШКИН,1891,1938,47
ШИШКИН,1887,1964,77
ШИШКИНА,1903,1982,79
ШИШКИНА,1862,1944,82
ШИШКИНА,1917,1938,21
ШИШКО,1899,1977,78
ШИШКО,1881,1967,86
ШИШКОВ,1876,1941,65
ШИШКОВ,1950,1970,20
ШИШКОВ,1939,2004,65
ШИШКОВ,1894,1979,85
ШИШКОВ,1863,1942,79
ШИШКОВ,1893,1966,73
ШИШКОВА,1925,1998,73
ШИШКОВА,1909,1976,67
ШИШЛО,1880,1936,56
ШИШМАН,1900,1968,68
ШИШМАРЕВ,1858,1932,74
ШИШМАРЕВ,1879,1936,57
ШИШМАРЕВА,1868,1931,63
ШИШОВ,1926,2000,74
ШИПЮВ,1894,1969,75
ШИШОВА,1927,1979,52
ШКАЛИКОВ,1895,1961,66
ШКАЛИКОВА,1901,1973,72
ШКАРЛОШ,1878,1926,48
ШКВАРКИН,1888,1951,63
ШКВАРКИН,1892,1950,58
ШЕВАРЛА,1858,1927,69
ШЖКЕДОВ,1904,1931,27
ШКЕЛЕНКО,1888,1975,87
ШКЕНБЕРГ,1883,1926,43
ШКИЛЬ,1894,1954,60
ШКИНСКИЙ,1858,1938,80
ШКНИПУН,1904,1925,21
ШЕЛОВСКИЙ,1878,1939,61
ШЕЛОВСКИЙ,1865,1935,70
ШЕЛЯР,1898,1968,70
ШКЛЯР,1895,1962,67
ШКЛЯР,1862,1921,59
ШКЛЯР,1901,1966,65
ШКЛЯРЕВИЧ,1882,1964,82
ШКНЕВСКИЙ,1927,1997,70
ШКОЛА,1894,1978,84
ШКОЛЬНЕ,1844,1926,82
ШКОЛЬНИК,1912,1998,86
ШКОНДИН,1886,1968,82
ШКОРБАТОВ,1892,1974,82
ШКОРУК,1889,1945,56
ШКОТ,1871,1954,83
ШКОТТ,1910,1936,26
ШКУЙ,1877,1923,46
ШКУРАТ,1911,1972,61
ШКУРЕНКО,1865,1920,55
ШКУРИН,1887,1926,39
ШКУРКИН,1898,1940,42
ШКУРО,1847,1931,84
ШКУРО,1887,1944,57
ШКУРО,1893,1933,40
ШЛАХАТ,1890,1938,48
ШЛЕЕ,1892,1954,62
ШЛЕЕ,1889,1957,68
ШЛЕЗИНГЕР,1884,1947,63
ШЛЕЗИНГЕР,1855,1930,75
ШЛЕЗИНГЕР,1870,1927,57
ШЛЕЗИНГЕР,1864,1931,67
ШЛЕЙН,1890,1961,71
ШЛЕЙСНЕР,1877,1947,70
ШЛЕЙФЕР,1863,1938,75
ШЛЕМ,1859,1931,72
ШЛИКЕВИЧ,1863,1927,64
ШЛИОМ,1868,1939,71
ШЛИППЕ,1915,1988,73
ШЛИППЕ,1878,1943,65
ШЛИПИЕ,1834,1923,89
ШЛИППЕ,1905,1990,85
ШЛИССЕР,1899,1943,44
ШЛИФМАН,1877,1937,60
ШЛОМОВИЧ,1862,1925,63
ШЛОМСОН,1902,1926,24
ШЛОСБЕРГ,1891,1931,40
ШЛЮСВЕРГ,1832,1925,93
ШЛЮСВЕРГ,1872,1938,66
ШЛЮСВЕРГ,1859,1925,66
ШЛУКОВ,1915,1932,17
ШЛЫГИН,1895,1933,38
ШЛЫГИН,1890,1925,35
ШЛЯКМАН,1926,1988,62
ШЛЯПИН,1898,1980,82
ШЛЯПИНА,1906,1983,77
ШЛЯПНИКОВА,1906,1988,82
ШЛЯХОВ,1925,1971,46
ШЛЯХОВ,1905,1977,72
ШЛЯХОВА,1888,1982,94
ШЛЯХТИН,1898,1985,87
ШЛЯХТИН,1886,1973,87
ШЛЯХТИН,1864,1929,65
ШЛЯХТИНА,1895,1970,75
ШМАКОВ,1940,1988,48
ШМАКОВА,1850,1932,82
ШМАЛЮЖК,1884,1968,84
ШМАЛЮЖК,1877,1966,89
ШМАТКОВА,1909,1939,30
ШМЕЛЕВ,1873,1950,77
ШМЕЛЕВА,1902,1985,83
ШМЕМАН,1921,1983,62
ШМЕМАН,1883,1961,78
ШМЕМАЛН,1895,1981,86
ШМЕМАН,1897,1975,78
ШМЕМАН,1875,1937,62
ШМЕМАН,1893,1958,65
ШМЕМАН,1850,1928,78
ШМЕРИН,1867,1930,63
ШМИГДЯ,1876,1932,56
ШМИГЕЛЬСКИЙ,1860,1925,65
ШМИДТ,1880,1948,68
ШМИДТ,1855,1930,75
ШМИДТ,1873,1935,62
ШМИДТ,1887,1942,55
ШМИДТ,1898,1934,36
ШМИДТ,1872,1935,63
ШМИДТ,1915,1932,17
ШМИДТ,1849,1925,76
ШМИДТ,1887,1951,64
ШМИТТ,1870,1923,53
ШМИТТ,1879,1965,86
ШМОЛЮК,1885,1968,83
ШМОТИН,1879,1938,59
ШМОТКИН,1898,1926,28
ШМУТГАРСКАЯ,1913,1995,82
ШМУЛЕВЕР,1910,1997,87
ШМУЛЕВИЧ,1878,1942,64
ШМУЛЛЕР,1880,1933,53
ШМУЛЬЯН,1892,1931,39
ШМУЛЬЯН,1851,1926,75
ШМУРЛО,1899,1968,69
ШМУРЛО,1869,1926,57
ШМУРЛО,1853,1934,81
ШМУРЛО,1879,1960,81
ШМУРЛО,1854,1929,75
ШМУСКЕВИЧ,1928,1988,60
ШНАБОВИЧ,1873,1926,53
ШНАЙДЕР,1877,1929,52
ШНАЙДЕР,1868,1945,77
ШНЕЙДЕР,1879,1925,46
ШНЕЙДЕР,1853,1926,73
ШНЕЙДЕР,1897,1935,38
ШНЕЙДЕР,1868,1938,70
ШНЕЙДЕР,1894,1931,37
ШНЕЙДЕР,1856,1926,70
ШИЕУР,1884,1971,87
ШНЕУР,1877,1936,59
ШНИНСКИЙ,1875,1927,52
ШНИНПЕР,1884,1929,45
ШНИТНИКОВ,1886,1961,75
ШНОРЭ,1882,1931,49
ШНУРНИКОВ,1893,1964,71
ШОВОТЕНКО,1894,1977,83
ШЮВЕРОВ,1870,1937,67
ШОЙХЕТ,1866,1929,63
ШОЙХЕТ,1892,1930,38
ШОЙХЕТМАН,1883,1948,65
ШОКАЛЬСКАЯ,1929,1986,57
ПЮЖКАЛЬСКИЙ,1898,1933,35
ПЮКИРЕВА,1906,1926,20
ШОКОЛЕНКО,1914,1937,23
ШОКОТКО,1898,1979,81
ШОКОТОВ,1905,1980,75
ПЮЛЛЯР,1888,1978,90
ШОЛОМСОН,1902,1926,24
ШОЛОН,1923,1988,65
ПЮЛЫП,1857,1938,81
ШОРЕЦ,1886,1966,80
ШОРНИКОВ,1899,1971,72
ШЮРОВ,1891,1949,58
ШОРОХОВ,1875,1950,75
ШОРОШАВИН,1877,1955,78
ШОСТАК,1895,1973,78
ШОСТАКОВ,1908,1983,75
ШОСТАН,1868,1954,86
ШОСТЕНКО,1889,1968,79
ШОТТ,1894,1962,68
ШОТТЕН,1887,1938,51
ШОФФА,1909,1991,82
ШПАЙЕР,1865,1927,62
ЩПАКОВ,1910,1988,78
ШПАКОВИЧ,1930,1970,40
ШПАКОВИЧ,1959,1970,11
ШПАКОВСКИЙ,1889,1966,77
ШПАКОВСКИЙ,1913,1974,61
ШИШПАН,1905,1926,21
ШПАНОВ,1899,1928,29
ШПАЧЕНКО,1896,1937,41
ШПЕЕР,1861,1926,65
ШПЕРЛИНГ,1857,1926,69
ШИПИГЕЛЬ,1880,1939,59
ШПИГЕЛЬ,1890,1964,74
ШПИГЕЛЬГЛАЗ,1849,1929,80
ШПИКА,1891,1931,40
ШПИЛЕВОЙ,1890,1918,28
ШПИЛЕВСКИЙ,1895,1979,84
ШПИЛЕВСКИЙ,1891,1979,88
ШПИЛЕР,1881,1935,54
ШЮПИЛНОТОВ,1888,1956,68
ШПИНДЛЕР,1902,1968,66
ШИИНДЛЕР,1859,1950,91
ШПИНДЛЕР,1897,1991,94
ШПИНДЛЕР,1895,1959,64
ШПИСС,1893,1971,78
ШПИЦМАХЕР,1863,1941,78
ШИПЛЕТ,1869,1935,66
ШПОЛЯНСКАЯ,1866,1930,64
ШПОЛЯНСКИЙ,1861,1931,70
ШПОЛЯНСКИВ,1912,1991,79
ШПОРТАК,1894,1980,86
ШПРЕНГЛЕВСКИЙ,1904,1994,90
ШПРИНГЕНФЕЛЬД,1871,1926,55
ШПРИНГЕНФЕЛЬД,1873,1930,57
ШПУНГИН,1858,1926,68
ШРАГЕ,1862,1929,67
ШРАЙБЕРГ,1896,1922,26
ШРАМКО,1900,1972,72
ШРАМКОВ,1888,1957,69
ШРАМЧЕНКО,1935,1970,35
ШРАМЧЕНКО,1891,1921,30
ШРАМЧЕНКО,1889,1942,53
ШРАМЧЕНКО,1909,1968,59
ШРАМЧЕНКО,1886,1987,101
ШРЕДЕЛЬ,1894,1972,78
ШРЕДЕРС,1923,1964,41
ШРЕЙБЕР,1875,1939,64
ШРЕЙБЕР,1873,1931,58
ШРЕЙБЕР,1859,1931,72
ШРЕЙДЕР,1895,1933,38
ШРЕЙДЕР,1860,1940,80
ШРЕТЕР,1891,1929,38
ШРИРО,1896,1936,40
ШРУБАК,1890,1940,50
ШРУБОВИЧ,1882,1933,51
ШРУТ,1881,1970,89
ШРУТ,1847,1910,63
ШРУТ,1888,1977,89
ШРУТ,1879,1957,78
ШТАЙФ,1890,1959,69
ШТАЙФОВА,1913,1928,15
ШТАКЕЛЬБЕРГ,1903,1980,77
ШТАКЕЛЬБЕРГ,1898,1986,88
ШТТАКЕЛЬБЕРГ,1870,1956,86
ШТАКЕЛЬБЕРГ,1868,1928,60
ШТАЛЬ,1897,1937,40
ШТАНГЕ,1886,1927,41
ШТАРК,1872,1950,78
ШТАРК,1909,1940,31
ШТАФИНСКИЙ,1890,1981,91
ШТАХАНОВА,1901,1936,35
ШТЕГЕЛЬМАН,1865,1929,64
ШТЕИН,1859,1928,69
ШТЕЙГЕР,1907,1944,37
ШТЕЙГЕР,1868,1937,69
ШТЕЙН,1873,1960,87
ШТЕЙН,1875,1935,60
ШТЕЙН,1911,1938,27
ШТЕЙН,1887,1932,45
ШТЕЙН,1879,1935,56
ШТЕЙН,1881,1942,61
ШТЕЙН,1887,1951,64
ШТЕЙН,1934,1999,65
ШТЕЙНБЕРГ,1856,1938,82
ШТЕЙНБЕРГ,1850,1930,80
ШТЕЙНБЕРГ,1902,1922,20
ШТЕЙНБЕРТ,1886,1926,40
ШТЕЙНБЕРГ,1888,1956,68
ШТЕЙНБЕРГ,1864,1930,66
ШТЕЙНБВЕРГ,1866,1931,65
ШТЕЙНБЕРГ,1881,1927,46
ШТЕЙНВЕЙС,1888,1925,37
ШТЕЙНГЕЛЬ,1898,1935,37
ШТЕЙНГЕЛЬ,1870,1946,76
ШТЕЙНЕР,1907,1926,19
ШТЕЙНЕР,1888,1938,50
ШТЕЙНМАН,1878,1928,50
ШТЕЙНФИНКЕЛЬ,1841,1929,88
ШТЕЙФОН,1881,1945,64
ШТЕККЕР,1897,1934,37
ШТЕЛЬБРИНК,1864,1939,75
ШТЕМБЕРГ,1872,1947,75
ШТЕМПЕЛЬ,1870,1920,50
ШТЕНГЕР,1861,1933,72
ШТЕНГЕР,1903,1968,65
ШТЕНГЕР,1900,1984,84
ШТЕПА,1896,1958,62
ШТЕРН,1882,1932,50
ШТЕРН,1852,1936,84
ШТЕРН,1869,1924,55
ШТЕРНФЕЛЬС,1879,1955,76
ШТИЛЬМАН,1897,1971,74
ШТИФФ,1881,1930,49
ШТОКМАН,1880,1926,46
ШТОЛЬЦ,1902,1951,49
ШТОЛЬЦ,1902,1985,83
ШТОЛЬЦЕН,1896,1925,29
ШТОМПЕЛЬ,1901,1932,31
ШТРАМБАХ,1897,1981,84
ШТРАНГ,1853,1936,83
ШТРАНГЕ,1903,1963,60
ШТРАУХ,1888,1926,38
ШТРИК,1897,1977,80
ШТРИМЕР,1881,1962,81
ШТРОМ,1929,1929,0
ШТРОМ,1901,1962,61
ШТРОМ,1896,1974,78
ШТРОМБЕРГ,1906,1975,69
ШТРОМБЕРГ,1898,1979,81
ШТУБЕНДОРФ,1877,1959,82
ШТУКЕНБЕРГ,1889,1957,68
ШТУНДЕР,1902,1938,36
ШТУТМАН,1837,1920,83
ШТУТЦЕР,1856,1925,69
ШТЫВЕЛЬ,1902,1958,56
ШТЫРМЕР,1895,1923,28
ШТЫРХУНОВ,1891,1929,38
ШТЮРМЕР,1896,1979,83
ШУБВА,1882,1936,54
ШУБЕРСКИЙ,1875,1963,88
ШУБЕРСКИЙ,1882,1982,100
ШУБЕРТ,1887,1958,71
ШУБИН,1889,1949,60
ШУБИН,1890,1944,54
ШУВИНА,1852,1935,83
ШУБИНСКИЙ,1863,1921,58
ШУБНАЯ,1858,1928,70
ШУБОВИЧ,1908,1993,85
ШУБУНКА,1906,1936,30
ШУВАЛИДЗЕ,1892,1981,89
ШУВАЛИДЗЕ,1895,1967,72
ШУВАЛОВ,1871,1929,58
ШУВАЛОВ,1881,1935,54
ШУВАЛОВ,1865,1928,63
ШУВАЛОВ,1897,1966,69
ШУВАЛОВ,1903,1980,77
ШУВАЛОВ,1905,1978,73
ШУВАЛОВА,1902,1975,73
ШУВАЛОВА,1892,1975,83
ШУВАЛОВА,1897,1987,90
ШУВАЛОВА,1885,1950,65
ШУГАЕВСКАЯ,1912,1936,24
ШУДНАТ,1928,1929,1
ШУЙСКАЯ,1898,1976,78
ШУЙСКИЙ,1921,1978,57
ШУКАЕВА,1854,1926,72
ШУКЕВИЧ,1919,1969,50
ШУКЕВИЧ,1886,1971,85
ШУКЛИНОВ,1895,1938,43
ШУКОВСКИЙ,1824,1922,98
ШУЛИК,1904,1984,80
ШУЛКОВСКИЙ,1864,1926,62
ШУЛЛА,1849,1926,77
ШУЛЬГА,1895,1955,60
ШУЛЬГА,1867,1945,78
ШУЛЬГА,1897,1949,52
ШУЛЬГА,1899,1975,76
ШУЛЬГА,1888,1929,41
ШУЛЬГА,1879,1944,65
ШУЛЬГА,1862,1923,61
ШУЛЬГИН,1878,1945,67
ШУЛЬГИН,1878,1953,75
ШУЛЬГИН,1897,1936,39
ШУЛЬГИН,1897,1938,41
ШУЛЬГИН,1896,1967,71
ШУЛЬГИН,1913,1928,15
ШУЛЬГИН,1855,1937,82
ШУЛЬГИН,1895,1982,87
ШУЛЬГИН,1894,1944,50
ШУЛЬГИНА,1879,1934,55
ШУЛЬГИНА,1908,1979,71
ШУЛЬГИНА,1894,1982,88
ШУЛЬГОВСКАЯ,1895,1978,83
ШУЛЬЖЕНКО,1901,1942,41
ШУЛЬКЕВИЧ,1885,1963,78
ШУЛЬКИН,1903,1930,27
ШУЛЬМАН,1880,1928,48
ШУЛЬМАН,1850,1852,2
ШУЛЬМАН,1902,1931,29
ШУЛЬМАН,1852,1921,69
ШУЛЬМАН,1869,1927,58
ШУЛЫЦ,1940,1945,5
ШУЛЬЦЕ,1854,1935,81
ШУЛЯТИКОВ,1874,1937,63
ШУМАТОВ,1887,1928,41
ШУМАТОВА,1887,1980,93
ШУМБАРСКАЯ,1898,1983,85
ШУМЕЙКО,1897,1969,72
ШУМИК,1895,1955,60
ШУМИЛИН,1896,1970,74
ШУМИЛИН,1894,1977,83
ШУМИЛИН,1900,1959,59
ШУМКИН,1894,1965,71
ШУМОВ,1895,1958,63
ШУМОВ,1888,1928,40
ШУМОВ,1887,1941,54
ШУМОВИЧ,1901,1982,81
ШУМОВСКИЙ,1869,1931,62
ШУМСКИЙ,1883,1934,51
ШУМСКИХ,1901,1986,85
ШУНКЕВИЧ,1913,1979,66
ШУПИКОВА,1903,1931,28
ШУПИНСКАЯ,1898,1964,66
ШУПИНСКИЙ,1893,1945,52
ШУПЛЯК,1899,1944,45
ШУРГАЕВИЧ,1894,1964,70
ШУРДУТ,1848,1931,83
ШУРКО,1850,1926,76
ШУРПИК,1915,1984,69
ШУРУТЮВ,1869,1934,65
ШЩУСТЕР,1931,1998,67
ШУСТЕР,1882,1939,57
ШУСТИН,1886,1968,82
ШУСТОВ,1875,1919,44
ШУСТОВА,1883,1975,92
ШУТОВ,1891,1968,77
ШУТОВ,1872,1926,54
ШУТОВА,1898,1980,82
ШУТОРЕВ,1915,1948,33
ШУЦКОЙ,1900,1968,68
ЩАВИНСКАЯ,1895,1972,77
ЩАВИНСКИЙ,1896,1976,80
ЩАВИНСКИЙ,1899,1935,36
ЩАРОВСКАЯ,1898,1937,39
ЩЕБЕТУН,1893,1966,73
ЩЕГЛОВ,1875,1953,78
ЩЕГЛОВ,1883,1930,47
ЩЕГЛОВИТОВ,1875,1955,80
ЩЕГОЛЕВ,1890,1977,87
ЩЕГТОЛЕВ,1898,1930,32
ЩЕГОЛЕВ,1858,1920,62
ЩЕГОЛЕВ,1896,1932,36
ЩЕГОЛЕВА,1910,1990,80
ЩЕГОЛЕВА,1867,1923,56
ЩЕДРИН,1909,1976,67
ЩЕДРИНА,1893,1975,82
ЩЕКИН,1888,1964,76
ЩЕКИН,1889,1932,43
ЩЕКИН,1897,1976,79
ЩЕКЛЕЕВА,1886,1952,66
ЩЕКОТОВ,1869,1926,57
ЩЕЛКОВ,1900,1993,93
ЩЕЛКОНОГОВ,1890,1930,40
ЩЕЛКУНОВ,1865,1938,73
ЩЕНСНОВИЧ,1886,1942,56
ЩЕНСНОВИЧ,1860,1935,75
ЩЕПИН,1891,1969,78
ЩЕПИНА,1894,1944,50
ЩЕЛИНСКИЙ,1898,1975,77
ЩЕПКИН,1896,1974,78
ЩЕПКИН,1873,1969,96
ЩЕПКИНА,1855,1930,75
ЩЕПКОВА,1875,1946,71
ЩЕПОТКИН,1900,1928,28
ЩЕРВА,1910,1982,72
ЩЕРБАК,1887,1956,69
ЩЕРБАКОВ,1921,1986,65
ЩЕРБАКОВ,1866,1938,72
ЩЕРБАКОВ,1882,1937,55
ЩЕРБАКОВ,1885,1955,70
ЩЕРВАКОВ,1900,1978,78
ЩЕРБАКОВА,1889,1959,70
ЩЕРВАКОВА,1879,1969,90
ЩЕРВАКОВА,1869,1954,85
ЩЕРБАКОВЛ,1904,1990,86
ЩЕРБАКОВА,1870,1926,56
ЩЕРВАКОВА,1891,1975,84
ЩЕРБАКОВИЧ,1905,1970,65
ЩЕРБАКОВСКИЙ,1897,1936,39
ЩЕРВАТОВ,1910,2003,93
ЩЕРБАТОВ,1873,1949,76
ЩЕРБАТОВ,1901,1966,65
ЩЕРБАТОВ,1868,1943,75
ЩЕРВАТОВ,1900,1928,28
ЩЕРБАТОВ,1871,1951,80
ЩЕРБАТОВА,1915,1999,84
ЩЕРБАТОВА,1908,1956,48
ЩЕРВАТОВА,1909,1991,82
ЩЕРБАТОВА,1923,1944,21
ЩЕРБАТСКИЙ,1874,1952,78
ЩЕРБАЧЕВ,1899,1958,59
ЩЕРБАЧЕВ,1857,1932,75
ЩЕРБАЧЕВ,1882,1951,69
ЩЕРВАЧЕВ,1885,1928,43
ЩЕРБАЧЕВ,1875,1922,47
ЩЕРБАЧЕВА,1886,1946,60
ЩЕРБАЧЕВА,1871,1939,68
ЩЕРБАЧЕНКО,1912,1983,71
БИНА,1903,1924,21
ЩЕРБИНА,1892,1974,82
ЩЕРВИНА,1887,1941,54
ЩЕРБИНА,1896,1964,68
ЩЕРБИНА,1865,1941,76
ЩЕРБИНА,1856,1960,104
ЩЕРБВИНА,1903,1991,88
ЩЕРБИНА,1899,1923,24
ЩЕРБИНА,1849,1936,87
ЩЕРБИНИКН,1905,1933,28
ЩЕРВИНИН,1896,1929,33
ЩЕРБИНИН,1883,1938,55
ЩЕРБИНИНА,1895,1945,50
ЩЕРВИЦКИЙ,1889,1931,42
ЩЕРБО,1893,1939,46
ЩЕРБОВИЧ,1871,1925,54
ЩЕРБОВИЧ,1903,1989,86
ЩЕТИНИН,1867,1943,76
ЩЕТИНИНА,1867,1979,112
ЩЕТОЧКИНА,1850,1936,86
ЩЕФЕРОВА,1895,1997,102
ЩЕЦЕН,1884,1925,41
ЩИРЕНКО,1896,1942,46
ЩИРОВА,1914,1989,75
ЩИРОВСКАЯ,1898,1937,39
ЩИТКОВ,1897,1971,74
ЩИТКОВА,1899,1984,85
ЩУКА,1860,1931,71
ЩУКИН,1893,1933,40
ЩУКИН,1854,1936,82
ЩУКИН,1891,1977,86
ЩУКНН,1856,1926,70
ЩУКИНА,1858,1935,77
ЩУКИНА,1883,1976,93
ЩУКИНА,1873,1971,98
ЩУКИНА,1881,1978,97
ЩУПАК,1908,1924,16
ЩУПАК,1926,1997,71
ЩУПЛЯК,1898,1975,77
ЩУРЕВИЧ,1883,1977,94
ЩУРОВ,1908,1933,25
ЩУСЕВ,1872,1934,62
ЩУЦКОЙ,1879,1942,63
ЩЮРИНОВ,1900,1972,72
ЭБЕЛИНГ,1862,1938,76
ЭБЕН,1869,1948,79
ЭБЕРТ,1880,1935,55
ЭБЕРШТЕЙН,1906,1964,58
ЭБЕРШТЕЙН,1878,1968,90
ЭВЕНБАХ,1866,1950,84
ЭГГЕР,1866,1946,80
ЭГГЕРС,1892,1967,75
ЭГГЕРТ,1878,1923,45
ЭДВАРДС,1860,1924,64
ЭДЕЛЬБЕРГ,1872,1927,55
ЭДЕЛЬБЕРГ,1849,1931,82
ЭДЕЛЬСОН,1858,1926,68
ЭДЕР,1897,1942,45
ЭДИГЕР,1877,1955,78
ЭДИСОН,1901,1989,88
ЭЗРА,1844,1931,87
ЭЙДЕЛЬМАН,1914,1997,83
ЭЙЛЕР,1878,1941,63
ЭЙЛЕР,1863,1943,80
ЭЙЛЕР,1882,1974,92
ЭЙЛЕР,1875,1980,105
ЭЙНЕРАНСКАЯ,1891,1921,30
ЭЙСМОНД,1894,1946,52
ЭВСЫМОНТ,1886,1973,87
ЭЙТЕРСОН,1845,1926,81
ЭКЕСПАРРЕ,1839,1925,86
ЭЛДЖИН,1883,1954,71
ЭЛЕЙД,1902,1940,38
ЭЛИАСВЕРГ,1877,1924,47
ЭЛИАСЗОН,1855,1926,71
ЭЛНАСШТАМ,1875,1926,51
ЭЛИАСШТАМ,1858,1926,68
ЭЛНЕЗЕН,1858,1923,65
ЭЛИЗЕН,1901,1943,42
ЭЛЛЕНБЕРГЕР,1905,1993,88
ЭЛЛЕНБЕРГЕР,1906,1998,92
ЭЛЛЕНВЕРГЕР,1925,1975,50
ЭЛЛЕРМАН,1866,1938,72
ЭЛЛЕРТ,1912,1995,83
ЭЛЛЕРТ,1898,1989,91
ЭЛЛИС,1860,1937,77
ЭЛЛНС,1890,1961,71
ЭЛЛИС,1913,1975,62
ЭЛЬВЕНГРЕН,1891,1978,87
ЭЛЬВЕНГРЕН,1865,1935,70
ЭЛЬДАРОВ,1890,1932,42
ЭЛЬДИНОВА,1871,1942,71
ЭЛЬКАН,1855,1926,71
ЭЛЬКАН,1864,1928,64
ЭЛЬКИН,1887,1972,85
ЭЛЬКИН,1872,1962,90
ЭЛЬМАН,1891,1967,76
ЭЛЬСНЕР,1867,1930,63
ЭЛЬСНЕР,1872,1962,90
ЭЛЬЯЩЕВ,1863,1946,83
ЭМАНУИЛОВИЧ,1873,1931,58
ЭММАНУЗЭЛЬ,1897,1962,65
ЭММАНУЭЛЬ,1897,1962,65
ЭММАНЮЗЭЛЬ,1891,1975,84
ЭНВАЛЬД,1962,1925,-37
ЭНВАЛЬД,1904,1989,85
ЭНГЕЛЬ,1874,1933,59
ЭНГЕЛЬ,1868,1924,56
ЭНГЕЛЬ,1868,1927,59
ЭНГЕЛЬ,1878,1927,49
ЭНГЕЛЬГАРДТ,1881,1956,75
ЭНГЕЛЬГАРДТ,1895,1944,49
ЭНГЕЛЬГАРДТ,1849,1929,80
ЭНГЕЛЬКЕ,1875,1937,62
ЭНГЕЛЬН,1870,1944,74
ЭНДЕН,1892,1924,32
ЭНДЕН,1900,1993,93
ЭНДЕН,1901,1975,74
ЭНДЕН,1876,1961,85
ЭНДЕН,1855,1941,86
ЭНДЕН,1902,1983,81
ЭНДЕН,1914,1975,61
ЭНДЕН,1925,1925,0
ЭНКЕЛЬ,1878,1960,82
ЭННЕВЕРГ,1917,1977,60
ЭНТЕЛЬ,1894,1986,92
ЭНТИН,1852,1926,74
ЭПИНЕ,1949,1912,-37
ЭЦОВА,1873,1938,65
ЭППЛЕ,1876,1942,66
ЭППЛЕ,1878,1942,64
ЭПШТЕЙН,1929,1998,69
ЭПШТЕЙН,1853,1926,73
ЭПШТЕЙН,1833,1923,90
ЭПШТЕЙН,1861,1931,70
ЭПШТЕЙН,1875,1923,48
ЭПШТЕЙН,1875,1922,47
ЭРАР,1888,1982,94
ЭРВЕ,1905,1971,66
ЭРДЕЛИ,1902,1976,74
ЭРДЕЛИ,1890,1963,73
ЭРДЕЛИ,1870,1939,69
ЭРДЕЛИ,1869,1928,59
ЭРДЕЛИ,1902,1980,78
ЭРДЕЛИ,1889,1925,36
ЭРДЕЛИ,1892,1974,82
ЭРДЕЛИ,1875,1944,69
ЭРДЕЛИ,1894,1968,74
ЭРЕНБУРГ,1872,1936,64
ЭРЕНМВУРГ,1850,1930,80
ЭРИВАИЦЕВА,1898,1943,45
ЭРИКСОН,1890,1942,52
ЭРИНЫШ,1875,1926,51
ЭРИСТОВ,1875,1956,81
ЭРИСТОВ,1873,1955,82
ЭРИСТОВ,1855,1932,77
ЭРИСТОВ,1875,1947,72
ЭРИСТОВ,1876,1946,70
ЭРИСТОВА,1887,1974,87
ЭРИСТОВА,1879,1880,1
ЭРИСТОВА,1857,1934,77
ЭРИСТОВА,1886,1975,89
ЭРИХМАН,1893,1985,92
ЭРЛАНГЕР,1888,1974,86
ЭРДИХ,1860,1928,68
ЭРЛИХ,1890,1947,57
ЭРМАНС,1868,1957,89
ЭРНГОРН,1901,1972,71
ЭРНСТ,1894,1980,86
ЭРНСТ,1901,1972,71
ЭРТЕ,1892,1990,98
ЭРТЕЛЬ,1901,1982,81
ЭРТМАН,1877,1939,62
ЭСКИРИДИС,1914,1948,34
ЭСМАН,1883,1926,43
ЭСМАН,1896,1980,84
ЭССЕН,1893,1954,61
ЭССЕН,1861,1915,54
ЭССЕН,1887,1931,44
ЭССЕН,1887,1971,84
ЭСТЕРСОН,1845,1926,81
ЭСТРИН,1899,1937,38
ЭСТРИН,1923,1998,75
ЭТКЯН,1885,1927,42
ЭТКИН,1855,1927,72
ЭТКИНД,1918,1999,81
ЭТТЕР,1855,1940,85
ЭТТИНГЕР,1844,1924,80
ЭФРОН,1855,1931,76
ЭФРОН,1849,1925,76
ЭФРОС,1900,1965,65
ЭФРОС,1900,1964,64
ЮВЕНИЦКАЯ,1897,1958,61
ЮВЕНИЦКИЙ,1883,1951,68
ЮРГОВ,1886,1954,68
ЮДЕЛЕВСКИЙ,1868,1957,89
ЮДЕЛОВИЧ,1872,1926,54
ЮДЕНИЧ,1867,1942,75
ЮДЕНИЧ,1871,1962,91
ЮДЕНИЧ,1888,1941,53
ЮДЕНИЧ,1862,1933,71
ЮДЯН,1893,1937,44
ЮДИН,1892,1962,70
ЮДИН,1880,1931,51
ЮДИН,1862,1942,80
ЮДИН,1864,1904,40
ЮДИНСКАЯ,1860,1926,66
ЮДИНСОН,1856,1928,72
ЮДНЕВИЧ,1855,1926,71
ЮДОВИЧ,1896,1935,39
ЮДЮЖК,1903,1940,37
ЮЖИКОВ,1892,1985,93
ЮЖНЫЙ,1883,1938,55
ЮЗЕФОВИЧ,1882,1975,93
ЮЗЕФОВИЧ,1897,1921,24
ЮЗЕФОВИЧ,1872,1929,57
ЮЛИНАЦ,1877,1929,52
ЮЛНУС,1897,1977,80
ЮЛИШ,1914,1931,17
ЮЛИШ,1908,1929,21
ЮЛОВСКИЙ,1888,1922,34
ЮМАТОВ,1889,1926,37
ЮМАШЕВА,1902,1948,46
ЮНАК,1880,1968,88
ЮНГЕЛЬСОН,1853,1930,77
ЮНГМАН,1891,1987,96
ЮНКЕР,1861,1935,74
ЮНКЕР,1898,1942,44
ЮНКЕР,1923,1932,9
ЮНКЕР,1834,1923,89
ЮПАТОВ,1860,1925,65
ЮРАСОВ,1878,1944,66
ЮРГЕЛЬ,1903,1928,25
ЮРГЕНС,1889,1931,42
ЮРГЕНС,1906,2000,94
ЮРГЕНС,1922,1944,22
ЮРГЕНС,1904,1993,89
ЮРГЕНСОН,1922,1942,20
ЮРГЕНСОН,1862,1928,66
ЮРЕВИЧ,1924,1992,68
ЮРЕВИЧ,1872,1963,91
ЮРЕВИЧ,1919,1960,41
ЮРЕВИЧ,1896,1961,65
ЮРЕВИЧ,1925,1992,67
ЮРЕВИЧ,1894,1979,85
ЮРЕНЕВ,1875,1952,77
ЮРЕНЕВ,1874,1945,71
ЮРЕНЕВА,1877,1985,108
ЮРЕНИНСКИЙ,1895,1967,72
ЮРИГИН,1892,1965,73
ЮРИКОВ,1905,1967,62
ЮРИН,1903,1979,76
ЮРИЦИН,1874,1960,86
ЮРИЦИНА,1906,1989,83
ЮРИЦИНА,1909,1997,88
ЮРИЦИНА,1912,1962,50
ЮРИЦИНА,1899,1948,49
ЮРКЕВИЧ,1855,1943,88
ЮРКЕВИЧ,1885,1964,79
ЮРКЕВИЧ,1854,1930,76
ЮРКЕВИЧ,1923,1966,43
ЮРКЕВИЧ,1851,1932,81
ЮРКЕВИЧ,1904,1943,39
ЮРКЕВИЧ,1893,1932,39
ЮРКЕВИЧ,1887,1965,78
ЮРКИН,1884,1926,42
ЮРКО,1866,1928,62
ЮРКОВ,1887,1932,45
ЮРЛОВ,1869,1937,68
ЮРМАКОВ,1014,1918,904
ЮРОВИЧ,1881,1935,54
ЮРОК,1888,1974,86
ЮРЧЕНКО,1885,1952,67
ЮРЧЕНКО,1896,1967,71
ЮРЧЕНКО,1882,1957,75
ЮРЧЕНКО,1883,1945,62
ЮРЧЕНКО,1898,1940,42
ЮРЧЕНКО,1897,1914,17
ЮРЧЕНКО,1903,1933,30
ЮРШЕВСКИЙ,1895,1980,85
ЮРЪЕВ,1887,1941,54
ЮРЬЕВ,1893,1966,73
ЮРЬЕВ,1870,1937,67
ЮРЬЕВ,1883,1958,75
ЮРЬЕВ,1861,1928,67
ЮРЬЕВ,1884,1937,53
ЮРЬЕВ,1881,1960,79
ЮРЬЕВ,1850,1930,80
ЮРЬЕВА,1856,1934,78
ЮРЬЕВА,1862,1945,83
ЮРЬЕВА,1922,2000,78
ЮРЬЪЕВА,1884,1962,78
ЮРЬЕВИЧ,1904,1975,71
ЮРЬЕВИЧ,1895,1962,67
ЮРЬИН,1888,1927,39
ЮСКЕВИЧ,1912,1994,82
ЮССЕМ,1887,1934,47
ЮССЕР,1912,2000,88
ЮХАЛИЧ,1889,1929,40
ЮХНЕВИЧ,1930,1978,48
ЮХНОВСКАЯ,1909,1997,88
ЮХОТСКИЙ,1900,1965,65
ЮШКЕВИЧ,1854,1926,72
ЮШКЕВИЧ,1868,1927,59
ЮШКЕВИЧ,1891,1925,34
ЮШКО,1892,1987,95
ЮШКО,1917,1985,68
ЮШКОВ,1884,1936,52
ЮШКОВ,1900,1926,26
ЮШКОВ,1939,1942,3
ЮШКОВ,1911,1934,23
ЮШКОВ,1888,1981,93
ЮШКОВА,1905,1962,57
ЮШКОВА,1888,1981,93
ЮШТЧИК,1898,1967,69
ЮЩЕНКО,1904,1982,78
ЮЩЕНКО,1895,1980,85
ЯБЛОВСКИЙ,1900,1935,35
ЯБЛОКОВ,1888,1941,53
ЯБЛОКОВ,1882,1962,80
ЯБЛОКОВА,1898,1964,66
ЯБЛОНЕВА,1876,1939,63
ЯБЛОНСКИЙ,1868,1931,63
ЯБЛОНСКИЙ,1940,1995,55
ЯБЛОНСКИЙ,1925,1982,57
ЯБЛОНСКИЙ,1892,1969,77
ЯБЛОНСКИЙ,1892,1962,70
ЯВЕЙН,1863,1920,57
ЯВЕИЧ,1897,1987,90
ЯВЛЕНСКАЯ,1901,1973,72
ЯВЛЕНСКИЙ,1864,1941,77
ЯВЛЕНСКИЙ,1897,1982,85
ЯВЛЕНСКИЙ,1861,1929,68
ЯВОРСКИЙ,1919,1941,22
ЯВОРСКИЙ,1906,1979,73
ЯВОРСКИЙ,1870,1945,75
ЯВОРСКИЙ,1901,1937,36
ЯВОРСКИЙ,1873,1937,64
ЯГАНОВ,1890,1960,70
ЯГАНОВА,1894,1979,85
ЯГДФЕЛЬД,1881,1937,56
ЯГЕЛЛО,1907,2000,93
ЯГЕЛЛО,1901,1992,91
ЯГЕЛЛО,1900,1981,81
ЯГЕЛЛО,1878,1969,91
ЯГЕЛЛО,1868,1943,75
ЯГИЧ,1838,1923,85
ЯГОДИНЦЕВ,1882,1967,85
ЯГОДНИКОВ,1903,1935,32
ЯГОЛИН,1900,1939,39
ЯГОТИНЦЕВ,1874,1939,65
ЯГУБОВ,1884,1955,71
ЯДОВ,1902,1961,59
ЯДЫГИН,1877,1965,88
ЯЗЫКОВ,1901,1932,31
ЯЗЫКОВ,1891,1975,84
ЯЗЫКОВ,1898,1967,69
ЯЗЫКОВ,1895,1976,81
ЯЗЫКОВА,1863,1950,87
ЯЙЧУК,1899,1953,54
ЯКИМАК,1899,1976,77
ЯКИМОВ,1906,1942,36
ЯКИМОВ,1870,1926,56
ЯКИМОВ,1901,1921,20
ЯКИМОВ,1891,1963,72
ЯКИМОВ,1884,1929,45
ЯКИМОВ,1885,1967,82
ЯКИМОВА,1895,1969,74
ЯКИМОВА,1888,1963,75
ЯКИМОВИЧ,1896,1944,48
ЯКИМОВИЧ,1894,1985,91
ЯКИМУК,1882,1936,54
ЯКИР,1948,1999,51
ЯКОБ,1913,1937,24
ЯКОБ,1891,1931,40
ЯКОБЕЛЛИС,1887,1970,83
ЯКОБСОН,1898,1927,29
ЯКОВСОН,1840,1925,85
ЯКОБВСОН,1850,1930,80
ЯКОБСОН,1869,1934,65
ЯКОБСОН,1854,1926,72
ЯКОБСОН,1913,2002,89
ЯКОВСОН,1871,1922,51
ЯКОВСОН,1908,1938,30
ЯКОБСОН,1895,1926,31
ЯКОБСОН,1860,1926,66
ЯКОВСОН,1894,1928,34
ЯКОБСОН,1858,1926,68
ЯКОБСОН,1857,1926,69
ЯКОВСОН,1851,1926,75
ЯКОВСОН,1895,1964,69
ЯКОБСОН,1867,1931,64
ЯКОБСОН,1865,1957,92
ЯКОБСОН,1896,1982,86
ЯКОБСОН,1901,1979,78
ЯКОБСОН,1900,1925,25
ЯКОБСОН,1890,1926,36
ЯКОБСОН,1867,1923,56
ЯКОБСОН,1883,1930,47
ЯКОВСОН,1865,1937,72
ЯКОВ,1884,1963,79
ЯКОВ,1862,1949,87
ЯКОВЕНКО,1877,1953,76
ЯКОВЕНКО,1884,1949,65
ЯКОВЕНКО,1897,1984,87
ЯКОВЕНКО,1887,1953,66
ЯКОВЛЕВ,1859,1940,81
ЯКОВЛЕВ,1887,1938,51
ЯКОВЛЕВ,1893,1935,42
ЯКОВЛЕВ,1897,1968,71
ЯКОВЛЕВ,1899,1977,78
ЯКОВЛЕВ,1897,1972,75
ЯКОВЛЕВ,1898,1975,77
ЯКОВЛЕВ,1883,1970,87
ЯКОВЛЕВ,1867,1945,78
ЯКОВЛЕВ,1856,1922,66
ЯКОВЛЕВ,1880,1945,65
ЯКОВЛЕВ,1871,1941,70
ЯКОВЛЕВ,1908,1935,27
ЯКОВЛЕВ,1866,1938,72
ЯКОВЛЕВ,1886,1948,62
ЯКОВЛЕВ,1889,1940,51
ЯКОВЛЕВ,1898,1973,75
ЯКОВЛЕВ,1899,1971,72
ЯКОВЛЕВ,1880,1935,55
ЯКОВЛЕВ,1928,1943,15
ЯКОВЛЕВ,1890,1975,85
ЯКОВЛЕВ,1872,1942,70
ЯКОВЛЕВ,1898,1948,50
ЯКОВЛЕВ,1897,1976,79
ЯКОВЛЕВ,1888,1938,50
ЯКОВЛЕВ,1884,1944,60
ЯКОВЛЕВА,1880,1966,86
ЯКОВЛЕВА,1899,1969,70
ЯКОВЛЕВА,1892,1965,73
ЯКОВЛЕВА,1876,1946,70
ЯКОВЛЕВА,1867,1985,118
ЯКОВЛЕВА,1890,1963,73
ЯКОВЛЕВА,1887,1975,88
ЯКОВЛЕВА,1905,1929,24
ЯКОВЛЕВА,1869,1941,72
ЯКОВЛЕВА,1880,1967,87
ЯКОВЛЕВА,1883,1968,85
ЯКОВЛЕВА,1859,1942,83
ЯКОВЛЕВА,1913,1937,24
ЯКОВЛЕВА,1901,1974,73
ЯКОВЛЕВА,1905,1983,78
ЯКОВЛЕВСКАЯ,1914,1928,14
ЯКОВЛЕВСКАЯ,1912,1942,30
ЯКОВЦОВ,1868,1933,65
ЯКОНИЧ,1899,1976,77
ЯКОНОВСКАЯ,1954,1981,27
ЯКОНОВСКИЙ,1926,2001,75
ЯКОНОВСКИЙ,1903,1974,71
ЯКУВЕНКО,1893,1969,76
ЯКУБЕНКО,1886,1941,55
ЯКУБИНСКИЙ,1918,1941,23
ЯКУБОВА,1845,1928,83
ЯКУБОВИЧ,1869,1921,52
ЯКУБОВИЧ,1894,1981,87
ЯКУБОВИЧ,1880,1926,46
ЯКУБОВИЧ,1891,1938,47
ЯКУБОВИЧ,1918,1926,8
ЯКУБОВСКАЯ,1892,1921,29
ЯКУБОВСКАЯ,1901,1964,63
ЯКУБОВСКИЙ,1871,1930,59
ЯКУБОВСКИЙ,1901,1974,73
ЯКУБОВСКИЙ,1907,1958,51
ЯКУБОВСКИЙ,1887,1974,87
ЯКУБСОН,1846,1925,79
ЯКУБСОН,1861,1930,69
ЯКУНИН,1892,1935,43
ЯКУНИН,1894,1981,87
ЯКУНЧИКОВА,1863,1952,89
ЯКУТ,1893,1973,80
ЯКУШЕВ,1881,1935,54
ЯКУШЕВ,1894,1934,40
ЯКУШЕВА,1882,1954,72
ЯКУШИН,1890,1961,71
ЯКУШКЕВИЧ,1844,1926,82
ЯКУШКОВСКАЯ,1899,1929,30
ЯКУШОВ,1901,1974,73
ЯКШИН,1893,1935,42
ЯЛЫШЕВ,1876,1940,64
ЯЛЫШЕВА,1897,1978,81
ЯМПОЛЬСКИЙ,1878,1931,53
ЯМПОЛЬСКИЙ,1872,1924,52
ЯМПОЛЬСКИЙ,1897,1970,73
ЯМЩИКОВ,1875,1935,60
ЯНДФЕЛЬД,1881,1937,56
ЯНЕВА,1903,1992,89
ЯНЕНКО,1876,1936,60
ЯНЕНКО,1924,1944,20
ЯНИН,1894,1935,41
ЯНИОС,1879,1938,59
ЯНИЦКАЯ,1882,1983,101
ЯНИШЕВСКАЯ,1841,1931,90
ЯНИШЕВСКИЙ,1873,1936,63
ЯНИШЕВСКИЙ,1904,1947,43
ЯНИШЕВСКИЙ,1875,1927,52
ЯНКЕВИЧ,1888,1923,35
ЯНКЕВИЧ,1885,1926,41
ЯНКЕЛОВИЧ,1866,1931,65
ЯНКЕЛОВИЧ,1896,1922,26
ЯНКИН,1926,1996,70
ЯНКИНА,1927,1995,68
ЯНКОВ,1953,1989,36
ЯНКОВ,1867,1926,59
ЯНКОВИЧ,1896,1955,59
ЯНКОВИЧ,1865,1926,61
ЯНКОВИЧ,1897,1972,75
ЯНКОВИЧ,1890,1978,88
ЯНКОВСКАЯ,1909,1996,87
ЯНКОВСКАЯ,1905,1985,80
ЯНКОВСКАЯ,1855,1933,78
ЯНКОВСКАЯ,1856,1926,70
ЯНКОВСКИЙ,1893,1939,46
ЯНКОВСКИЙ,1894,1937,43
ЯНКОВСКИЙ,1879,1938,59
ЯНКОВСКИЙ,1888,1936,48
ЯНОВ,1878,1924,46
ЯНОВ,1899,1970,71
ЯНОВ,1890,1960,70
ЯНОВ,1890,1982,92
ЯНОВ,1864,1937,73
ЯНОВА,1908,1994,86
ЯНОВИЦКАЯ,1909,1931,22
ЯНОВИЧ,1873,1920,47
ЯНОВСКАЯ,1909,1931,22
ЯНОВСКИЙ,1868,1927,59
ЯНОВСКИЙ,1890,1943,53
ЯНОВСКИЙ,1900,1960,60
ЯНОВСКИЙ,1906,1989,83
ЯНОВСКИЙ,1870,1942,72
ЯНОВСКИЙ,1819,1965,146
ЯНОВСКИЙ,1898,1970,72
ЯНОВСКИЙ,1865,1939,74
ЯНОВСКИВ,1895,1937,42
ЯНСЕН,1897,1898,1
ЯНСОН,1840,1931,91
ЯНСОН,1837,1925,88
ЯНУЦЕВА,1909,1994,85
ЯНУЧКОВ,1873,1927,54
ЯНУШЕВСКАЯ,1868,1942,74
ЯНУШЕВСКАЯ,1894,1958,64
ЯНУШЕВСКАЯ,1907,1997,90
ЯНУШЕВСКИЙ,1903,1979,76
ЯНУШЕВСКИЙ,1890,1931,41
ЯНУШЕВСКИЙ,1897,1970,73
ЯНЦЕВИЧ,1879,1944,65
ЯНЦЕН,1880,1963,83
ЯНЧЕВСКИЙ,1896,1959,63
ЯНЧИК,1925,1977,52
ЯНЧИКОВА,1925,1967,42
ЯНШЕВСКАЯ,1898,1926,28
ЯНЫШЕВ,1887,1944,57
ЯППО,1868,1933,65
ЯРАКУЛА,1898,1976,78
ЯРИМБАШ,1884,1963,79
ЯРИМВАШ,1880,1943,63
ЯРКО,1916,1935,19
ЯРМОЛИНСКИЙ,1890,1975,85
ЯРМОЛИНСКИЙ,1870,1926,56
ЯРОН,1874,1935,61
ЯРОНСКИЙ,1870,1931,61
ЯРОСЛАВСКИЙ,1892,1922,30
ЯРОСЛАВЦЕВ,1888,1930,42
ЯРОФЕЕВ,1878,1964,86
ЯРОЦКАЯ,1886,1928,42
ЯРОШЕВ,1885,1920,35
ЯРОШЕВИЧ,1909,1995,86
ЯРОШЕВСКАЯ,1902,1969,67
ЯРОШЕВСКИЙ,1887,1976,89
ЯРОШЕВСКИЙ,1920,1998,78
ЯРОШЕНКО,1900,1972,72
ЯРОШЕНКО,1888,1941,53
ЯРОПШЮВ,1854,1940,86
ЯРРОВ,1900,1973,73
ЯРУШЕВИЧ,1871,1967,96
ЯРУШЕВИЧ,1898,1981,83
ЯРЦЕВ,1865,1934,69
ЯРЦЕВ,1861,1930,69
ЯРЦЕВ,1893,1973,80
ЯРЦОВ,1890,1957,67
ЯРЫШКИН,1896,1954,58
ЯСАРЕВСКИЙ,1883,1970,87
ЯСЕНИЦКНВ,1847,1937,90
ЯСЕНКЕВНЧ,1889,1926,37
ЯСЕНСКАЯ,1897,1980,83
ЯСИНСКАЯ,1845,1926,81
ЯСИНСКАЯ,1895,1969,74
ЯСИНСКАЯ,1878,1966,88
ЯСМАН,1919,1998,79
ЯССКИЙ,1855,1936,81
ЯСТРЕВОВ,1911,1983,72
ЯСТРЕВОВА,1898,1942,44
ЯСТРЕБОВА,1873,1952,79
ЯСТРЕБЦОВ,1886,1935,49
ЯСТРЕВЦОВ,1881,1958,77
ЯСТРУВЕЦКИЙ,1894,1979,85
ЯСУДОВИЧ,1868,1926,58
ЯСЬКО,1898,1978,80
ЯТЛОВ,1903,1921,18
ЯФИМОВНЧ,1882,1947,65
ЯХОНТОВ,1876,1938,62
ЯХОНТОВ,1868,1942,74
ЯХОНТОВ,1869,1932,63
ЯХОНТОВА,1878,1970,92
ЯХОНТОВА,1870,1937,67
ЯЦЕВИЧ,1879,1941,62
ЯЦЕНКО,1898,1973,75
ЯЦЕНКО,1864,1944,80
ЯЦЕНКО,1879,1939,60
ЯЦЕНКО,1915,1948,33
ЯЦЕНКО,1876,1925,49
ЯЦЕНКО,1901,1980,79
ЯЦКИН,1883,1034,-849
ЯЦУК,1890,1928,38
ЯЦУКОВА,1886,1962,76
ЯЦУТА,1876,1953,77
ЯЦЫН,1861,1930,69
ЯЦЫН,1908,1977,69
ЯЧИНОВСКНЙ,1891,1949,58
ЯЧИШИНА,1896,1935,39
ЯШВИЛЬ,1852,1927,75
ЯШВИЛЬ,1861,1939,78
ЯШИН,1885,1935,50
ЯШКЕВИЧ,1862,1926,64
ЯШКИН,1893,1935,42
ЯШКИН,1917,1996,79
ЯШКИНА,1895,1961,66
ЯШКИНА,1926,1998,72
ЯШКО,1894,1958,64
ЯШКУЛЬ,1903,1926,23
ЯШНЕНК,1900,1942,42
ЯШУНСКИЙ,1861,1938,77
ЯЩЕНКО,1879,1934,55
ЯЩЕНКО,1899,1968,69
ЯЩЕНКО,1871,1929,58
ЯЩЕНКО,1897,1967,70
ВАМТ,1937,1975,38
ОАВЕГЕСТОВТ,1865,1960,95
ЕМТМЕЕ,1885,1948,63
ЕМТМЕК,1912,1995,83
ЕМТМЕЙ,1889,1940,51
САГАКНО,1898,1972,74
НАХЕЕ,1898,1978,80
НОЕРЕГРОУА,1879,1957,78
КАВМЕЕР,1889,1955,66
КАТАНОРР,1899,1986,87
КОТЕМВАТЕЛМ,1888,1969,81
КОТЕМБАТКТМОУ,1892,1944,52
КЕГТКОУЛ,1897,1964,67
МАСМЕ,1940,1959,19
МАЗЕНАВАСНУПЛ,1899,1975,76
МОУОВКА,1898,1966,68
ОВОГЕМЗКУ,1915,1994,79
РОТОТ,1909,1992,83
КОМАМЕСКОУ,1905,1989,84
ЗАГТЪКЕВЕЕ,1907,1974,67
ВОСЧКОТАМЕТТ,1858,1929,71
