Фамилия Имя Отчество,Дата смерти,Количество лет
Абалешева Параскева Ниловна,13 мая 1895,91
Аблуцкая Анна Николаевна,19 августа 1853,-
Аваева Елизавета Ивановна,1 марта 1907,-
Аверьянова Анна Петровна,26 ноября 1880,38
Агаревъ Илья Ивановичъ,6 мая 1854,-
Аигинъ Александръ Васильевичъ,4 сентября 1900,-
Айгустовъ Никита Васильевичъ,26 іюня 1768,-
Айгустовъ Яковъ Андреевичъ,7 мая 1793,62
Аксакова Анна Петровна,8 іюня 1817,-
Александрова Варвара Яковлевна,7 декабря 1903,-
Александрова Лукерья Семеновна,4 мая 1844,90
Александръ Ивановичъ Тверской,25 октября 1425,-
Ломжинскаго Окружного Суда,30 января 1903,-
Алфимова Анна Ивановна,23 мая 1853,-
Алфимовъ Семенъ Васильевичъ,3 августа 1789,-
Альбовъ Павелъ Ивановичъ,26 августа 1895,76
Алябьева Ольга Ивановна,10 ноября 1909,-
Алябьевъ Яковъ Венедиктовичъ,5 октября 1660,-
Андре Маргарита Ивановна,7 ноября 1910,-
Андреева Александра Петровна,10 іюля 1875,45
Андреева Екатерина Петровна,16 января 1890,73
Андреевъ Романъ Михайловичъ,28 января 1878,-
Анисииова Александра Ивановна,23 октября 1892,-
Аничкова Елизавета Александровна,4 марта 1910,-
Аничкова Ольга Ивановна,17 іюня 1894,-
Анненкова Ольга Степановна,23 февраля 1910,-
Анненковъ Константинъ Петровичъ,3 декабря 1865,-
Ансеровъ Николай Александровичъ,29 іюля 1908,75
Апсеитова Анна Константиновна,23 сентября 1858,24
Апсеитова Варвара Александровна,27 сентября 1888,-
Апсеитовъ Андрей Ивановичъ,16 мая 1864,-
Апыхтинъ Александръ Николаевичъ,2 мая 1864,-
Апыхтинъ Викторъ Петровичъ,11 октября 1904,-
Аракчеевъ Михаилъ Ивановичъ,29 іюня 1891,-
Арбузовъ Александръ Павловичъ,14 января 1878,-
Арбузовъ Михаилъ Павловичъ,26 ноября 1895,75
Артемовъ Николай Емельяновичъ,10 августа 1891,57
Архаровъ Николай Петровичъ,3 мая 1893,-
Арцыбашева Анна Александровна,14 января 1794,45
Арцыбашева Екатерина Ивановна,4 ноября 1799,46
Арцыбашевъ Михаилъ Ивановичъ,2 іюля 1810,64
Астафьева Агриппина Семеновна,25 ноября 1879,-
Астафьевъ Маркъ Ивановичъ,19 ноября 1877,-
Ахматовъ Макаръ Григорьевичъ,4 января 1835,50
Семена Ивановича Ашиткова,30 ноября 1793,-
Бабинъ Александръ Петровичъ,17 декабря 1900,-
Бабинъ Аполлонъ Ивановичъ,5 іюля 1807,-
Бабинъ Павелъ Аполлоновичъ,5 іюля 1830,-
Бабсть Иванъ Кондратьевичъ,6 іюля 1881,-
Багговутъ Евграфъ Мироновичъ,22 декабря 1856,-
Баженинъ Осипъ Андреевичъ,18 августа 1723,-
Базанинъ Николай Петровичъ,25 октября 1845,-
Бакунина Анна Михайловна,2 іюля 1850,83
Бакунинъ Михаилъ Васильевичъ,12 февраля 1803,73
Балавенской Нилъ Александровичъ,9 февраля 1880,-
Балкашина Надежда Даниловна,9 мая 1834,-
Балкашинъ Леонидъ Николаевичъ,21 января 1906,-
Балкъ Александръ Орестовичъ,26 сентября 1895,-
Балкова Анна Михайловна,28 декабря 1832,-
Балкъ Елизавета Петровна,16 іюня 1877,-
Балкъ Иванъ Ивановичъ,8 октября 1873,-
Баракова Александра Петровна,3 сентября 1888,-
Баранова Анна Александровна,7 іюня 1868,-
Барановъ Иванъ Исаевичъ,3 мая 1868,79
Барановъ Максимъ Ивановичъ,3 мая 1843,-
Баранцевъ Петръ Ильичъ,27 февраля 1831,-
Бартенева Анна Семеновна,21 августа 1859,-
Бартенева Клеопатра Григорьевна,20 іюня 1853,-
Бартеневъ Павелъ Никифоровичъ,15 января 1872,-
Бартлемановъ Иванъ Николаевичъ,31 мая 1836,-
Бартоломей Иванъ Ивановичъ,3 мая 1877,-
Баскакова Авдотья Даниловна,15 мая 1840,-
Баскакова Надежда Михайловна,6 аагуста 1896,-
Баскаковъ Александръ Ильичъ,7 октября 1890,54
Басовъ Александръ Арсеньевичъ,21 февраля 1907,-
Басовъ Николай Арсеньевичъ,3 мая 1905,45
Батюшкова Капитолина Андреевна,14 марта 1818,-
Баумгартенъ Павелъ Егоровичъ,10 августа 1873,-
Бахтина Мареа Ивановна,1 декабря 1826,-
Бачманова Екатерина Петровна,16 января 1884,74
Бачмановъ Александръ Александровичъ,7 іюля 1859,-
Безобразова Александра Павловна,20 января 1901,-
Безобразова Ирина Ивановна,4 ноября 1822,-
Безобразовъ Иванъ Андреевичъ,16 сентября 1871,59
Беклемишева Надежда Петровна,24 августа 1833,-
Беклешовъ Платонъ Николаевичъ,29 марта 1861,72
Бекъ Егоръ Егоровичъ,9 февраля 1911,-
Бекъ Петръ Петровичъ,17 мая 1912,-
Бельгардъ Варвара Николаевна,12 іюня 1898,-
Бередниковъ Иванъ Григорьевичъ,17 января 1896,-
Бередниковъ Яковъ Яковлевичъ,9 іюня 1883,-
Березникова Анна Павловна,25 февраля 1862,-
Бернеръ Александра Тимоееевна,3 іюля 1903,-
Бернова Надежда Ивановна,24 февраля 1775,38
Берноръ Иванъ Ивановичъ,15 іюня 1876,-
Берсъ Петръ Андреевичъ,19 мая 1910,-
Бестужевъ Патапъ Гавриловичъ,26 января 1818,65
Бибикова Елизавета Ивановна,21 марта 1861,-
Бижеичъ Семенъ Михайловичъ,21 августа 1900,-
Бизюкина Анна Петровна,16 іюня 1824,-
Биретовъ Иванъ Ивановичъ,8 сентября 1798,48
Бирюковъ Козьма Лаврентьевичъ,7 января 1846,-
Благово Елизавета Ивановна,9 іюня 1818,63
Блиновъ Иванъ Ивановичъ,1 октября 1812,-
Блокъ Александръ Ивановичъ,8 февраля 1875,-
Блокъ Екатерина Мартыновна,1 октября 1854,-
Боборыкина Анна Максимовна,13 декабря 1775,-
Боброва Анна Ивановна,22 февраля 1803,36
Богатыревъ Николай Ивановичъ,24 сентября 1897,-
Богданова Агриппина Ивановна,18 февраля 1901,69
Богданова Прасковья Ивановна,16 ноября 1763,-
Богдановъ Егоръ Никитичъ,23 іюля 1899,-
Богуславская Екатерина Петровна,13 февраля 1896,66
Боде Ольга Николаевна,19 сентября 1912,-
Боздуханова Екатерина Ивановна,19 февраля 1846,24
Боздухановъ Михаилъ Васильевичъ,23 марта 1852,-
Болотникова Надежда Ивановна,24 августа 1910,-
Болотниковъ Николай Павловичъ,9 августа 1903,-
Болотова Каролина Егоровна,31 октября 1902,-
Болотовъ Михаилъ Ксенофонтовичъ,2 марта 1892,-
Борисовъ Андрей Александровичъ,5 мая 1889,-
Борисовъ Андрей Ивановичъ,24 октября 1816,-
Борисовъ Петръ Васильевичъ,18 ноября 1879,-
Борисовъ Стефанъ Ивановичъ,15 октября 1890,-
Борисъ Александровичъ Тверской,10 февраля 1461,-
Борноволоковъ Семенъ Герасимовичъ,20 марта 1835,50
Боровитинова Екатерина Петровна,15 февраля 1896,-
Боровитинова Ольга Михайловна,23 февраля 1810,-
Боровкова Зинаида Александровна,20 марта 1874,-
Ботова Надежда Павловна,25 декабря 1886,80
Бочаровъ Николай Назаровичъ,15 іюля 1858,-
Бошнякъ Константинъ Карловичъ,16 ноября 1863,-
Брантъ Раиса Ивановна,9 сентября 1859,-
Бриммеръ Александръ Панкратьевичъ,22 августа 1877,-
Брунова Екатерина Николаевна,8 сентября 1875,-
Брянчанинова Елена Александровна,21 іюня 1870,-
Брянчанинова Надежда Петровна,13 августа 1846,-
Буланинъ Яковъ Степановичъ,30 мая 1829,-
Булатова Людмила Евграфовна,23 сентября 1904,-
Булыгина Анна Ивановна,14 августа 1881,-
Булыгина Надежда Васильевна,28 января 1908,76
Булыгина Ольга Николаевна,11 декабря 1882,-
Бурнашева Варвара Тихоновна,17 февраля 1853,41
Буровцевъ Николай Александровичъ,2 августа 1901,-
Бурцевъ Каллистратъ Андреевичъ,23 мая 1609,-
Бутеневъ Иванъ Степановичъ,29 августа 1821,-
Бухвостова Елизавета Михайловна,10 января 1906,-
Бухмейеръ Ольга Константиновна,7 октября 1908,-
Быковъ Николай Ивановичъ,29 мая 1902,-
Бырдинъ Антонъ Александровичъ,13 августа 1842,-
Быховецъ-Самаринъ Яковъ Васильевичъ,28 сентября 1912,-
Бычкова Пелагея Артемьевна,29 іюня 1820,-
Валуевъ Иванъ Николаевичъ,20 января 1879,-
Валькевичъ Варвара Ивановна,14 марта 1868,-
Кронекъ Клотильда Адамовна,8 декабря 1879,-
Вараксинъ Иванъ Ивановичъ,24 декабря 1907,-
Вараксинъ Нилъ Николаевичъ,9 ноября 1887,-
Варенцова Екатерина Павловна,31 мая 1827,-
Васильева Анна Николаевна,1 августа 1907,-
Васильченко Прасковья Павловна,16 імарта 1890,77
Васильчикова Анна Александровна,21 іюня 1836,-
Васильчиковъ Александръ Васильевичъ,31 мая 1842,-
Васильчиковъ Николай Николаевичъ,1 января 1846,-
Васькова Александра Николаевна,27 октября 1877,-
Васьковъ Константинъ Константиновичъ,15 іюля 1890,-
Вахрова Александра Ивановна,12 октября 1869,-
Веверъ Васса Лукьяновна,7 февраля 1908,-
Вейссъ Людвигъ Августовичъ,2 августа 1878,57
Вельяшева Екатерина Ивановна,1 декабря 1794,60
Вельяшевъ Петръ Ивановичъ,26 января 1830,45
Вельяшевъ Петръ Ивановичъ,19 марта 1897,-
Венгеровъ Иванъ Андреевичъ,21 декабря 1897,72
Венгерская Ирина Ивановна,17 января 1798,-
Веревкина Елизавета Григорьевна,7 марта 1883,73
Веревкинъ Александръ Васильевичъ,1 ноября 1880,-
Веревкинъ Петръ Игнатьевичъ,29 мая 1847,78
Верещагинъ Иванъ Ивановичъ,10 ноября 1818,-
Верещагинъ Иванъ Павловичъ,15 іюня 1881,48
Верещагинъ Павелъ Петровичъ,16 іюля 1865,-
Веригина Екатерина Александровна,15 іюля 1869,-
Веригинъ Иванъ Александровичъ,12 іюня 1875,-
Веснина Агриппина Николаевна,25 іюля 1907,-
Веснинъ Александръ Александровичъ,14 января 1912,-
Веснинъ Андрей Петровичъ,25 мая 1888,-
Веснинъ Петръ Андреевичъ,27 мая 1891,-
Вешнякова Анна Ивановна,30 августа 1834,-
Вешнякова Елизавета Ивановна,15 мая 1907,62
Винтеръ Иванъ Андреевичъ,26 іюля 1880,-
Висковатовъ Николай Степановичъ,11 іюля 1895,-
Висленевъ Никита Александровичъ,27 мая 1865,-
Водовъ Иванъ Ивановичъ,21 февраля 1856,72
Воейкова Елизавета Яковлевна,7 іюня 1879,-
Воейковъ Андрей Яковлевичъ,22 августа 1878,-
Воейковъ Иванъ Петровичъ,14 мая 1808,-
Воейковъ Иванъ Яковлевичъ,12 января 1886,70
Воейковъ Николай Петровичъ,26 іюня 1889,-
Воейковъ Николай Семеновичъ,24 марта 1793,40
Воейковъ Яковъ Андреевичъ,6 сентября 1849,-
Возницынъ Иванъ Яковлевичъ,15 декабря 1830,58
Волженская Александра Гавриловна,12 октября 1902,-
Волкова Акулина Андреевна,7 ноября 1854,-
Волкова Варвара Аполлоновна,20 января 1842,-
Волкова Варвара Степановна,7 августа 1883,-
Волкова Глафира Стефановна,2 марта 1839,-
Волкова Екатерина Николаевна,10 января 1897,-
Волкова Зинаида Ивановна,19 ноября 1867,64
Волкова Ольга Ивановна,23 января 1886,-
Волковъ Александръ Ивановичъ,22 іюля 1864,-
Волковъ Аполлонъ Александровичъ,1 октября 1838,61
Волковъ Иванъ Аврамовичъ,25 мая 1845,-
Волковъ Иванъ Амосовичъ,7 мая 1892,70
Волковъ Симеонъ Васильевичъ,18 января 1864,-
Волковъ Степанъ Григорьевичъ,29 іюля 1873,-
Володимеровъ Степанъ Ивановичъ,3 января 1847,80
Вонсяцкая Надежда Павловна,28 августа 1906,-
Воробьева Анна Ивановна,8 іюня 1853,-
Воробьевъ Иванъ Ивановичъ,8 февраля 1838,-
Воробьевъ Павелъ Ивановичъ,9 января 1877,-
Воронова Наталья Никитична,18 мая 1853,-
Воронцова Фаина Ивановна,5 декабря 1885,-
Воронцовъ Михаилъ Васильевичъ,30 октября 1896,-
Воропановъ Николай Осиповичъ,17 февраля 1885,-
Вотолина Анна Ильинична,27 сентября 1786,-
Вохинъ Николай Васильевичъ,19 декабря 1853,-
Врасская Александра Николаевна,18 іюля 1860,-
Вульфъ Александра Александровна,27 августа 1882,65
Вульфъ Анна Николаевна,2 сентября 1857,-
Вульфъ Павелъ Ивановичъ,17 марта 1858,-
Вындомская Елизавета Борисовна,26 іюня 1887,82
Вяземская Александра Игнатьевна,22 іюля 1850,-
Галатова Анна Исааковна,21 ноября 1870,-
Галахова Анна Титовна,2 марта 1862,81
Галаховъ Иванъ Даниловичъ,30 іюня 1873,-
Галиновская Любовь Андреевна,13 іюля 1831,-
Галушкинъ Михаилъ Яковлевичъ,13 іюня 1900,-
Гейльфрихъ Елена Карловна,27 мая 1906,91
Генъ Константинъ Александровичъ,21 мая 1898,-
Герцогъ Анна Петровна,14 ноября 1879,-
Гильсенъ Николай Романовичъ,22 іюня 1842,26
Гиппель Эдуардъ Эдуардовичъ,19 января 1882,-
Глазатова Авдотья Ивановна,7 марта 1873,69
Глазатова Параскева Якимовна,19 февраля 1797,65
Глазатовъ Иванъ Аеиногеновичъ,27 августа 1819,68
Глазатовъ Иванъ Макаровичъ,2 декабря 1864,67
Глазатовъ Иванъ Яковлевичъ,27 октября 1857,63
Глазатовъ Николай Титовичъ,28 іюня 1836,62
Глазатовъ Петръ Макаровичъ,15 іюля 1821,-
Глинка Александръ Ивановичъ,27 декабря 1876,-
Глинка Николай Спиридоновичъ,28 февраля 1866,-
Голенищева-Кутузова Елизавета Ниловна,1 марта 1833,-
Голенищевъ-Кутузовъ Иванъ Ивановичъ,20 іюля 1580,-
Голенкинъ Иванъ Наумовичъ,5 августа 1835,-
Голованова Александра Ивановна,2 іюня 1898,-
Головиыа Анна Антоновна,4 января 1867,-
Головинская Анна Ильинична,24 января 1901,-
Головинъ Александръ Павловичъ,16 марта 1874,-
Головинъ Иванъ Даниловичъ,8 августа 1856,-
Головинъ Николай Николаевичъ,8 іюля 1871,-
Голохвастова Александра Яковлевна,9 марта 1857,-
Гончаровъ Иванъ Николаевичъ,19 ноября 1881,-
Горемыкинъ Логгинъ Ивановичъ,24 марта 1864,-
Горская Параскева Платоновна,15 іюня 1877,77
Горталова Серафима Петровна,25 марта 1891,-
Готовцева Варвара Николаевна,25 декабря 1850,-
Готовцевъ Павелъ Константиновичъ,31 августа 1892,-
Готье Петръ Петровичъ,28 января 1863,68
Грабленова Параскева Гавриловна,23 іюня 1782,-
Грассъ Петръ Ивановичъ,31 іюля 1873,-
Грачевъ Митрофанъ Евграфовичъ,16 февраля 1893,-
Гревенсъ Николай Ивановичъ,6 мая 1848,-
Грибунмна Надежда Ильинична,13 декабря 1893,-
Грибунина Прасковья Михайловна,5 октября 1903,-
Грибунинъ Николай Петровичъ,11 ноября 1885,-
Григорова Елизавета Павловна,3 августа 1848,-
Григоровская Екатерина Павловна,27 марта 1880,-
Григоровичъ Иванъ Силычъ,15 ноября 1835,-
Григоровичъ Петръ Николаевичъ,11 сентября 1902,-
Григорьева Екатерина Михаиловна,3 марта 1868,-
Гросманъ Александръ Александровичъ,14 августа 1865,-
Грошевый Александръ Захарьевичъ,27 февраля 1835,-
Грудина Надежда Семеновна,19 февраля 1882,-
Груздевъ Павелъ Семеновичъ,22 мая 1864,-
Губарь Александръ Васильевичъ,8 января 1907,-
Гудимъ Ольга Ивановна,19 іюля 1889,-
Гулевичъ Николай Андреевичъ,21 октября 1889,-
Гуро Анна Михайловна,7 мая 1906,-
Гуро Генрихъ Степановичъ,25 мая 1907,-
Гурьева Авдотья Степановна,27 мая 1855,-
Гурьева Александра Григорьевна,3 ноября 1788,-
Гурьева Мавра Ивановна,15 августа 1783,-
Гюнтеръ Карлъ Карловичъ,8 октября 1901,-
Давыдова Александра Ивановна,1 января 1902,-
Давыдова Екатерина Львовна,23 марта 1808,-
Давыдова Параскева Васильевна,1 декабря 1908,-
Ярославской Контрольной Палатой,2 мая 1893,-
Давыдовъ Иванъ Петровичъ,1 января 1902,80
Давыдовъ Николай Александровичъ,24 февраля 1873,-
Николаемъ Васильевичемъ Нтолаевымб,7 января 1899,-
Давыдовъ Николай Ивановичъ,13 декабря 1805,45
Давыдовъ Петръ Петровичъ,31 іюля 1851,-
Дальбергъ Густавъ Васильевичъ,25 декабря 1879,-
Данзасъ Елизавета Михайловна,10 января 1906,-
Дараганъ Анна Ивановна,13 февраля 1882,-
Дараганъ Глафира Александровна,15 октября 1910,69
Даурова Агриппина Ивановна,2 іюля 1846,-
Дауровъ Николай Петровичъ,10 февраля 1828,-
Де-Бриньи Александра Егоровна,17 января 1895,-
Де-Бриньи Егоръ Александровичъ,29 марта 1857,-
Де-Бриньи Надежда Егоровна,30 января 1889,-
Деденева Екатерина Андреевна,12 мая 1856,56
Дельфинъ Александръ Александровичъ,15 марта 1865,-
Дельфинъ Серафима Александровна,22 декабря 1900,-
Демидова Авдотья Васильевна,24 августа 1793,-
Демидовъ Николай Петровичъ,13 декабря 1885,-
Демьянова Екатерина Яковлевна,2 августа 1778,-
Демьяновъ Иванъ Леонтьевичъ,2 іюня 1798,-
Демьяновъ Левъ Ивановичъ,17 мая 1797,-
Дешевой Михаилъ Семеновичъ,9 мая 1892,-
Дивова Варвара Васильевна,4 іюля 1854,64
Дивовъ Николай Александровичъ,1 декабря 1904,49
Дивовъ Николай Борисовичъ,27 февраля 1882,-
Дирина Екатерина Ильинична,14 января 1875,53
Диринъ Иванъ Егоровичъ,30 марта 1892,66
Диринъ Николай Ивановичъ,21 марта 1828,24
Диринъ Петръ Ивановичъ,24 января 1892,29
Дитерихсъ Екатерина Яковлевна,22 декабря 1891,-
Дитерихсъ Елизавета Николаевна,16 іюня 1866,-
Дитерихсъ Елизавета Яковлевна,7 августа 1904,-
Доброхотова Надежда Яковлевна,23 мая 1864,-
Добрынина Параскева Ивановна,3 сентября 1825,59
Добрынинъ Иванъ Андреевичъ,23 января 1825,-
Дозоровъ Николай Ивановичъ,15 февраля 1818,60
Долгановъ Петръ Игнатьевичъ,18 декабря 1906,76
Долговъ Михаилъ Евграфовичъ,21 января 1871,64
Долгополова Варвара Васильевна,13 сентября 1862,78
Доможировъ Петръ Николаевичъ,30 декабря 1888,-
Дорошкевичъ Елеонора Антоновна,19 октября 1889,85
Дорошкевичъ Ираида Ивановна,30 декабря 1886,-
Достоевская Домника Ивановна,8 февраля 1887,-
Дубасовъ Александръ Васильевичъ,17 мая 1825,-
Дубровина Анна Никитична,28 марта 1880,-
Дунаевъ Иванъ Николаевичъ,8 марта 1903,-
Дуфнеръ Павелъ Мартыновичъ,26 декабря 1900,-
Дьякова Надежда Павловна,30 мая 1887,-
Дьяковъ Яковъ Семеновичъ,17 января 1786,27
Дьяконова Ольга Николаевна,16 октября 1896,-
Дюмурье Елена Стефановна,8 февраля 1844,-
Евреинова Александра Яковлевна,23 января 1904,-
Евреинова Анна Ивановна,10 іюня 1836,-
Евреиновъ Яковъ Михайловичъ,27 марта 1847,-
Егорова Варвара Павловна,28 марта 1909,-
Екимовъ Александръ Ивановичъ,13 ноября 1867,-
Елагина Александра Ивановна,16 іюня 1882,-
Елагина Анна Парфентьевна,21 декабря 1811,-
Елагина Неонилла Ивановна,7 февраля 1843,-
Елагинъ Александръ Петровичъ,28 марта 1855,-
Елагинъ Павелъ Петровичъ,11 ноября 1903,-
Елагинъ Петръ Васильевичъ,10 мая 1890,-
Елагинъ Петръ Николаевичъ,2 января 1845,-
Елчина Надежда Васильевна,1 февраля 1830,-
Елчинъ Михаилъ Лаврентьевичъ,7 января 1826,-
Ельчанинова Анна Андреевна,20 іюля 1841,77
Ельчанинова Анна Яковлевна,24 сентября 1844,70
Ельчанинова Варвара Николаевна,4 августа 1875,-
Ельчаниновъ Николай Михайловичъ,3 ноября 1832,-
Ельчаниновъ Семенъ Андреевичъ,7 января 1801,-
Епанчина Авдотья Михайловна,24 января 1794,-
Епишева Анна Никитична,10 августа 1825,-
Ераковъ Николай Петровичъ,11 января 1859,-
Ермолова Александра Петровна,26 іюня 1838,-
Ермоловъ Вадимъ Егоровичъ,28 февраля 1875,45
Еропкина Екатерина Васильевна,30 іюля 1790,-
Есипова Анна Александровна,2 мая 1883,36
Есипова Анна Михайловна,2 іюня 1886,60
Есипозъ Александръ Петровичъ,1 октября 1815,-
Есиповъ Кузьма Ивановичъ,27 марта 1797,-
Ефимовичъ Александръ Кондратьевичъ,9 ноября 1855,-
Жадовской Эсперъ Константиновичъ,18 января 1893,-
Жандръ Александръ Александровичъ,6 февраля 1865,-
Жаринова Анна Александровна,1 ноября 1891,56
Жариновъ Александръ Ивановичъ,15 октября 1896,86
Жариновъ Иванъ Гавриловичъ,15 декабря 1843,-
Ждановъ Михаилъ Ивановичъ,3 ноября 1884,-
Жемчужниковъ Петръ Лукичъ,22 марта 1908,-
Жеребцовъ Александръ Петровичъ,24 іюня 1869,-
Жеребцовъ Николай Михайловичъ,20 марта 1805,50
Жеребцовъ Яковъ Ивановичъ,24 іюня 1852,31
Жехова Екатерина Гавриловна,20 февраля 1900,-
Тверской Казенной Палатой,19 марта 1896,-
Житкова Параскева Кузьминична,4 ноября 1861,76
Житковъ Иванъ Тихоновичъ,10 августа 1856,-
Жолобова Ирина Васильевна,16 мая 1905,-
Жохова Варвара Александровна,7 ноября 1847,-
Жоховъ Михаилъ Яковлевичъ,5 марта 1879,-
Жуковъ Викторъ Константиновичъ,5 мая 1902,-
Жуковъ Петръ Александровичъ,21 марта 1815,-
Завалишина Маргарита Казимировна,11 января 1912,-
Завалишинъ Иванъ Петровичъ,26 марта 1853,50
Завалишинъ Помпей Ивановичъ,7 декабря 1908,-
Заваскина Александра Стефановна,23 февраля 1891,-
Завьяловъ Петръ Петровичъ,16 августа 1852,-
Завьяловъ Яковъ Михайловичъ,6 іюля 1910,-
Загрязская Александра Николаева,23 февраля 1834,-
Задоринъ Петръ Захаровичъ,3 августа 1906,-
Зарина Ольга Яковлевна,12 іюня 1908,-
Заринъ Андрей Ивановичъ,20 марта 1842,-
Захаревичъ Александръ Ивановичъ,2 декабря 1874,54
Захарова Акилина Николаевна,21 іюля 1831,-
Захарова Анна Семеновна,30 іюля 1875,19
Захарова Любовь Петровна,27 мая 1905,-
Захаровъ Петръ Степановичъ,25 декабря 1860,-
Захаровъ Семенъ Степановичъ,23 іюня 1856,-
Захарьина Екатерина Петровна,26 марта 1910,-
Захарьина Серафима Михайловна,2 мая 1861,-
Захарьинъ Петръ Абрамовичъ,28 февраля 1877,-
Збруевъ Петръ Никитичъ,1 іюня 1886,46
Зворыкинъ Александръ Васильевичъ,14 августа 1863,-
Зварыкинъ Иванъ Степановичъ,18 марта 1868,69
Здоровенкова Христина Ивановна,4 августа 1875,-
Зенковичъ Викторъ Семеновичъ,27 августа 1908,-
Зилова Анна Ивановна,18 февраля 1813,89
Зилова Анна Ивановна,20 февраля 1829,-
Зилова Екатерина Павловна,17 марта 1879,-
Зилова Ольга Николаевна,1 августа 1862,-
Зилова Прасковья Моисеевна,2 января 1805,95
Зилова Параскева Павловна,26 іюля 1895,56
Зиловъ Александръ Павловичъ,2 ноября 1879,-
Зиловъ Михаилъ Николаевичъ,9 августа 1872,21
Зиловъ Николай Александровичъ,10 сентября 1858,48
Зиловъ Павелъ Александровичъ,6 ноября 1844,33
Зиновьева Аграфена Яковлевна,20 октября 1813,-
Зиновьевъ Петръ Андреевичъ,27 іюля 1827,74
Зиновьевъ Петръ Кирилловичъ,9 мая 1840,64
Зиновьевъ Филиппъ Кирилловичъ,22 марта 1855,66
Зубова Анна Павловна,17 марта 1838,-
Зыкова Екатерина Александровна,19 ноября 1850,-
Зыковъ Иванъ Никаноровичъ,6 января 1868,-
Зыковъ Петръ Николаевичъ,19 мая 1839,-
Иванова Александра Петровна,7 августа 1833,34
Иванова Елена Стефановна,16 августа 1856,-
Ивинъ Леонидъ Саввичъ,13 марта 1886,73
Ивковъ Александръ Никитичъ,30 октября 1848,80
Игнатьева Александра Ивановна,14 декабря 1887,86
Игнатьева Екатерина Ивановна,29 сентября 1846,-
Игнатьева Надежда Егоровна,20 іюня 1810,-
Игнатьевъ Николай Ивановичъ,18 ноября 1800,-
Игнатьевъ Николай Павловичъ,1 декабря 1886,54
Игумновъ Ермолай Никитичъ,19 января 1888,57
Измаильская Елизавета Митрофановна,8 іюля 1890,64
Измайлова Александра Николаевна,25 іюня 1848,-
Измайлова Александра Петровна,4 января 1906,-
Измалкова Анна Васильевна,15 декабря 1864,-
Изюмовъ Павелъ Михайловичъ,15 іюля 1905,-
Иконникова Анна Ивановна,4 декабря 1830,-
Илимовъ Петръ Николаевичъ,16 сентября 1853,-
Ильенкова Авдотья Яковлевна,23 марта 1879,76
Ильина Елена Андреевна,2 іюля 1912,-
Ильина Татьяна Ивановна,10 октября 1856,64
Ильинъ Александръ Степановичъ,12 мая 1847,65
Ярославской Казенной Палаты,30 января 1847,-
Ирецкая Ольга Павловна,14 мая 1881,-
Ирецкая Параскева Николаевна,24 іюля 1885,52
Исленьевъ Николай Ивановичъ,26 января 1818,-
Исполатовъ Николай Васильевичъ,7 сентября 1893,-
Истоминъ Иванъ Михайловичъ,10 мая 1886,-
Казакова Екатерина Петровна,17 сентября 1880,-
Казанская Анна Петровна,12 августа 1896,-
Кайсарова Елена Васильевна,5 декабря 1837,-
Калашникова Ирина Семеновна,2 сентября 1835,55
Калашниковъ Никита Ивановичъ,2 ноября 1845,-
Каллистовъ Петръ Григорьевичъ,31 декабря 1880,-
Калмыковъ Антонъ Михайловичъ,25 октября 1895,-
Калошина Екатерина Акимовна,4 августа 1839,-
Каменевъ Иванъ Львовичъ,30 сентября 1859,-
Камынинъ Михаилъ Артемьевичъ,5 іюля 1649,-
Каратаева Ольга Васильевна,9 іюня 1839,-
Караулова Александра Ивановна,3 сентября 1876,-
Карновичъ Александра Ивановна,24 мая 1812,-
Карновичъ Денисъ Гавриловичъ,7 августа 1878,-
Карновичъ Елизавета Васильевна,17 сентября 1830,-
Карновичъ Ефимъ Степановичъ,18 декабря 1855,-
Карпова Шарлотта Григорьевна,14 марта 1882,-
Карцева Галина Константиновна,7 іюня 1876,-
Карякина Елена Оттомаровна,14 марта 1879,-
Карякинъ Петръ Михайловичъ,4 января 1908,-
Катенинъ Андрей Михаиловичъ,23 августа 1865,-
Катенинъ Михаилъ Михаиловичъ,3 іюля 1877,-
Катенинъ Петръ Александровичъ,1 декабря 1841,-
Кафтырева Александра Ивановна,26 ігоня 1863,-
Кафтырева Любовь Михайловна,4 іюля 1870,-
Кафтыревъ Александръ Николаевичъ,24 сентября 1886,-
Кафтыревъ Иванъ Захаровичъ,4 марта 1823,-
Нафтыревъ Николай Ивановичъ,16 февраля 1872,-
Кафтыревъ Николай Яковлевичъ,22 мая 1861,-
Качалова Параскева Осиповна,10 января 1801,43
Кашинцевъ Александръ Ивановичъ,1 мая 1821,-
Ивашнина Александра Николаевна,7 октября 1850,38
Ивашнина Параскева Ивановна,14 сентября 1876,72
Квашнинъ Иванъ Григорьевичъ,8 января 1830,-
Нвашнинъ Павелъ Степановичъ,8 іюня 1819,36
Нвашнинъ-Самаринъ Аполлонъ Ивановичъ,16 марта 1810,-
Квашнинъ-Самаринъ Илья Петровичъ,23 мая 1808,26
Квашнинъ-Санаринъ Петръ Яковлевичъ,14 декабря 1823,-
Квашнинъ-Самаринъ Тихонъ Семеновичъ,9 марта 1776,53
Кегель Вячеславъ Леопольдовичъ,25 января 1887,42
Кемецкая Татьяна Яковлевна,3 ноября 1842,-
Ненигъ Николай Романовичъ,4 марта 1862,-
Кенигъ Романъ Ивановичъ,15 іюля 1857,-
Кислова Неонилла Николаевна,27 сентября 1871,84
Клейстъ Ольга Николаевна,1 января 1871,-
Клеопина Клеопатра Павловна,15 февраля 1892,74
Климова Софья Александровна,17 января 1891,-
Климовичъ Каролина Карловна,25 іюня 1889,-
Клочковъ Илья Ильичъ,24 января 1894,-
Ключаревъ Петръ Васильевичъ,15 сентября 1899,-
Кнорре Надежда Капитоновна,16 октября 1879,-
Князевъ Викторъ Степановичъ,26 марта 1906,-
Кожевникова Екатерина Александровна,7 февраля 1907,-
Ножина Зинаида Николаевна,20 февраля 1873,-
Ножинъ Иванъ Антоновичъ,26 сентября 1873,38
Кожинъ Иванъ Никитичъ,15 августа 1814,65
Кожинъ Николай Осиповичъ,16 декабря 1820,-
Козлова Валентина Николаевна,1 іюля 1908,-
Козлова Прасковья Степановна,18 іюля 1829,-
Козловъ Константинъ Ивановичъ,24 ноября 1873,-
Козловъ Николай Александровичъ,28 февраля 1898,-
Нозловъ Николай Петровичъ,24 января 1872,-
Козлянинова Александра Яковлевна,24 сентября 1856,-
Козлянинова Екатерина Яковлевна,10 іюля 1835,-
Козляниновъ Александръ Ивановичъ,14 марта 1863,-
Козляниновъ Яковъ Петровичъ,14 іюля 1861,-
Козодавлевъ Степанъ Васильевичъ,13 января 1730,-
Коковцева Елизавета Ивановна,4 іюля 1843,-
Кокошкина Варвара Семеновна,17 іюня 1851,-
Коленская Екатерина Борисовна,29 марта 1900,-
Колокольцовъ Иванъ Александровичъ,19 іюня 1868,-
Колчина Александра Тимоееевна,8 сентября 1856,19
Колюбакинъ Николай Александровичъ,20 февраля 1911,-
Колюпанова Елизавета Петровна,21 мая 1883,-
Колюпановъ Нилъ Петровичъ,10 іюня 1894,-
Колюпановъ Петръ Николаевичъ,21 сентября 1852,-
Комаровъ Иванъ Ивановичъ,3 марта 1897,40
Коиаръ Иванъ Ивановичъ,6 февраля 1806,-
Коновалова Матрона Ивановна,9 сентября 1895,-
Коновалова Параскева Васильевна,8 ноября 1844,46
Коноваловъ Осипъ Петровичъ,3 января 1856,-
Кононова Параскева Филипповна,30 января 1894,-
Коноплинъ Иванъ Николаевичъ,18 февраля 1884,66
Константиновъ Петръ Ивановичъ,22 мая 1812,-
Коншина Александра Яковлевна,14 мая 1856,-
Коншина Анна Ивановна,20 сентября 1814,-
Коншина Олыа Николаерна,18 ноября 1887,-
Коншинъ Александръ Николаевичъ,9 сентября 1912,-
Коншинъ Николай Максимовичъ,28 декабря 1853,-
Конькова Елизавета Яковлевна,20 января 1895,82
Коняевъ Кузьма Васильевичъ,29 октября 1876,39
Коптева Елизавета Стефановна,26 декабря 1841,-
Коптевъ Николай Николаевичъ,17 сентября 1872,-
Коптевъ Николай Николаевичъ,12 мая 1897,-
Коптевъ Николай Ниловичъ,11 іюня 1907,-
Коптевъ Петръ Яковлевичъ,12 мая 1880,-
Корбутовская Варвара Андреевна,13 іюня 1889,68
Иорбутовская Екатерина Петровна,24 мая 1892,71
Корбутовская Надежда Павловна,29 октября 1903,67
Корейшъ Иванъ Яковлевичъ,6 сентября 1861,-
Корзинкина Екатерина Николаевна,16 января 1824,-
Корнилова Анна Ивановна,17 іюля 1871,-
Корнилова Екатерина Петровна,10 мая 1870,-
Корниловъ Николай Павловичъ,19 іюня 1872,-
Корниловъ Николай Петровичъ,4 января 1889,-
Корниловъ Петръ Николаевичъ,31 іюля 1902,-
Корнина Ульяна Яковлевна,3 марта 1803,60
Коровина Надежда Степановна,29 августа 1847,-
Коровинъ Иванъ Степановичъ,27 іюня 1840,-
Корсакова Варвара Александровна,21 іюля 1820,-
Аракчеева Кадетскаго Корпуса,31 января 1852,-
Косаговская Анна Николаевна,14 декабря 1823,32
Косаговская Екатерина Семеновна,18 августа 1860,-
Костерева Ирина Ивановна,5 марта 1820,71
Костеревъ Александръ Григорьевичъ,2 іюля 1833,30
Костеревъ Михаилъ Ивановичъ,16 сентября 1846,46
Костюрина Анна Григорьевна,27 октября 1875,-
Костюринъ Иванъ Михайловичъ,15 ноября 1812,-
Кошелевъ Степанъ Григорьевичъ,21 марта 1758,72
Краббе Северинъ Карловичъ,4 іюня 1876,55
Крамаревъ Иванъ Ивановичъ,14 іюля 1828,-
Ирасюкъ Николай Александровичъ,11 января 1905,-
Кратирова Александра Архипповна,20 іюня 1871,-
Крекшина Анна Ивановна,12 іюня 1845,-
Крекшинъ Николай Константиновичъ,4 августа 1902,-
Кривцова Варвара Евграфовна,3 іюля 1873,62
Кривцова Елизавета Ильинична,6 марта 1800,-
Нривцовъ Николай Денисовичъ,12 октября 1882,-
Критская Елизавета Ивановна,18 іюля 1847,47
Кропотовъ Николай Михаиловичъ,16 августа 1787,-
Крохоняткинъ Андрей Ивановичъ,8 августа 1878,-
Крохоняткинъ Семенъ Ивановичъ,2 ноября 1900,-
Кругликовъ Александръ Александровичъ,23 ноября 1886,-
Крутиковъ Викторъ Васильевичъ,31 іюля 1877,-
Крутиковъ Михаилъ Викторовичъ,6 октября 1898,-
Крутиковъ Иванъ Степановичъ,2 февраля 1909,-
Нручинина Александра Григорьевна,14 іюля 1887,-
Кудрявцева Варвара Стефановна,21 декабря 1902,-
Иудрявцева Капитолина Васильевна,8 января 1891,-
Кудрявцевъ Петръ Ивановичъ,15 декабря 1795,65
Кузнецовъ Левъ Петровичъ,20 мая 1886,-
Кузьмина Александра Семеновна,26 октября 1866,60
Кузьминъ Константинъ Семеновичъ,26 ноября 1905,33
Кузыиинъ Семенъ Андреевичъ,19 мая 1802,-
Караваева Варвара Николаевна,1 сентября 1894,-
Кулаковъ Захаръ Петровичъ,3 іюня 1905,-
Култашева Матрона Михайловна,18 іюля 1819,72
Култашева Стефанида Ивановна,16 января 1827,-
Купреянова Варвара Михайловна,16 ноября 1884,-
Купреяновъ Александръ Павловичъ,7 января 1906,-
Курзаковъ Николай Васильевичъ,21 ноября 1875,47
Курочкина Дарья Ивановна,11 декабря 1787,-
Нутузова Анна Григорьевна,5 декабря 1874,-
Кутузова Анна Николаевна,2 января 1892,-
Кутузова Елизавета Григорьевна,5 февраля 1840,-
Кутузова Мавра Ивановна,12 ноября 1849,-
Нутузова Ольга Васильевна,2 іюня 1872,-
Кутузовъ Александръ Васильевичъ,3 августа 1871,-
Нутузовъ Иванъ Евграфовичъ,15 августа 1872,33
Кушелева Любовь Ивановна,6 марта 1897,-
Лабзина Акилина Ивановна,5 августа 1867,-
Лавинская Елизавета Александровна,21 марта 1876,-
Лаврецова Параскева Яковлевна,1 іюля 1862,-
Ладыгина Александръ Николаевичъ,8 января 1872,-
Ладыгинъ Николай Петровичъ,23 мая 1858,49
Ладыгинъ Петръ Ивановичъ,17 февраля 1851,77
Лампсаковъ Николай Павловичъ,25 іюня 1889,-
Ланге Елисавета Стефановна,26 мая 1889,-
Ланской Александръ Петровичъ,20 ноября 1844,-
Лапинъ Иванъ Семеновичъ,31 іюля 1901,-
Лапшинъ Степанъ Никитичъ,15 іюля 1854,-
Латурнеръ Анна Михайловна,13 іюня 1873,-
Лаубе Анна Антиповна,15 декабря 1870,-
Лаханинъ Иванъ Ивановичъ,17 февраля 1870,-
Лачиновъ Михаилъ Андреевичъ,15 ліарта 1850,-
Лебедевъ Михаилъ Ильичъ,30 октября 1879,-
Левашева Параскева Ивановна,25 іюня 1846,-
Левашовъ Стефанъ Николаевичъ,13 августа 1855,75
Левелингъ Игорь Карловичъ,5 февраля 1867,-
Левенгофъ Анна Николаевна,11 марта 1881,91
Леденцова Ольга Ивановна,20 декабря 1891,-
Лентау Екатерина Ивановна,14 января 1849,-
Леонтьева Параскева Петровна,30 сентября 1874,53
Леонтьевъ Иванъ Петровичъ,28 января 1783,-
Леонтьевъ Михаилъ Павловичъ,27 февраля 1883,-
Леонтьевъ Михаилъ Ивановичъ,21 декабря 1885,-
Лермонтовъ Николай Петровичъ,20 февраля 1875,56
Летюхина Александра Петровна,5 октября 1864,-
Линева Александра Александровна,29 марта 1869,-
Линева Елизавета Ивановна,19 марта 1833,-
Лисицына Ирина Петровна,3 февраля 1851,-
Литвинова Екатерина Петровна,25 марта 1877,67
Литовъ Иванъ Степановичъ,15 февраля 1844,-
Лихарева Ирина Терентьевна,24 декабря 1903,-
Лихачева Аделаида Ростиславовна,16 августа 1848,-
Лобановъ Яковъ Петровичъ,26 октября 1896,76
Ловейко Варвара Ивановна,2 іюля 1840,-
Логачевъ Семенъ Васильевичъ,22 мая 1899,-
Логинова Прасковья Яковлевна,5 января 1912,-
Лоде Егоръ Карловичъ,10 декабря 1844,-
Лодыгинъ Николай Ивановичъ,12 января 1864,-
Ложкинъ Всеволодъ Всеволодовичъ,9 февраля 1897,-
Лозинская Анна Ивановна,31 іюля 1900,-
Ломаковъ Ефимъ Васильевъ,23 августа 1694,-
Ломанъ Михаилъ Петровичъ,20 августа 1883,-
Лопатина Варвара Григорьевна,25 декабря 1895,-
Лопатинъ Александръ Ивановичъ,15 іюля 1853,-
Лопатинъ Павелъ Ивановичъ,21 марта 1881,-
Лопухина Надежда Никитична,20 мая 1831,-
Лопухина Ольга Андреевна,2 января 1816,-
Лосева Надежда Петровна,20 мирта 1867,-
Лошаковъ Нилъ Ивановичъ,4 іюня 1897,69
Лошкарева Екатерина Яковлевна,16 мая 1894,-
Лошкаревъ Иванъ Яковлевичъ,13 іюня 1853,40
Лошкаревъ Семенъ Яковлевичъ,16 мая 1893,-
Лошкаревъ Стефанъ Яковлевичъ,15 января 1833,28
Лупандина Любовь Филипповна,21 декабря 1896,75
Лупандина Ольга Филипповна,2 февраля 1882,-
Лутковская Анна Ивановна,11 августа 1864,70
Лучакъ Иванъ Андреевичъ,6 марта 1877,79
Львова Анна Григорьевна,24 января 1828,-
Львова Варвара Николаевна,9 іюля 1844,-
Львовъ Иванъ Ивановичъ,24 января 1786,-
Львовъ Иванъ Ивановичъ,9 октября 1793,-
Львовъ Иванъ Львовичъ,10 марта 1875,-
Львовъ Константинъ Львовичъ,27 сентября 1865,65
Львовъ Никита Ивановичъ,4 января 1836,-
Львовъ Николай Петровичъ,19 іюня 1788,62
Львовъ Петръ Львовичъ,11 сентября 1828,32
Львовъ Петръ Петровичъ,25 мая 1794,-
Любавская Варвара Михайловна,6 декабря 1884,-
Любимовъ Иванъ Васильевичъ,1 іюля 1856,-
Люсинова Александра Ивановна,1 іюля 1904,46
Лялина Серафима Петровна,6 января 1862,-
Лялинъ Михаилъ Ильичъ,20 января 1893,-
Лялинъ Николай Михайловичъ,8 октября 1906,-
Лялинъ Петръ Ивановичъ,18 сентября 1830,-
Ляпуновъ Семенъ Ефимовичъ,8 мая 1848,-
Маврина Анна Александровна,14 февраля 1874,-
Маврина Прасковья Мироновна,31 января 1784,-
Маврина Прасковья Яковлевна,22 февраля 1887,-
Мавринъ Александръ Михайловичъ,13 декабря 1862,-
Майкова Варвара Васильевна,19 февраля 1848,-
Майкова Татьяна Васильевна,9 декабря 1817,73
Майковъ Михаилъ Петровичъ,20 декабря 1884,-
Макаровъ Иванъ Николаевичъ,26 сентября 1887,-
Макаровъ Павелъ Васильевичъ,14 января 1852,-
Малово Леонидъ Николаевичъ,21 ноября 1905,-
Мальковская Екатерина Степановна,13 ноября 1851,80
Мальковская Зинаида Александровна,9 марта 1875,-
Маляковъ Николай Андреевичъ,12 ноября 1820,34
Мамоновъ Платонъ Ивановичъ,8 іюля 1889,-
Мамонтова Елизавета Григорьевна,28 октября 1908,-
Мамышева Екатерина Ивановна,15 декабря 1893,65
Мамышева Ольга Васильевна,21 февраля 1898,61
Мамышевъ Михаилъ Васильевичъ,9 декабря 1906,66
Манзей Логгинъ Михайловичъ,17 декабря 1803,-
Манзей Николай Николаевичъ,12 мая 1889,61
Манкошевъ Николай Петровичъ,12 іюня 1862,-
Манкошевъ Петръ Николаевичъ,30 декабря 1848,-
Манухина Анна Ивановна,2 іюля 1825,83
Манухина Анна Николаевна,25 сентября 1812,54
Манухина Любовь Михайловна,22 ноября 1906,-
Марина Ираида Михайловна,20 іюля 1903,-
Марисова Елизавета Николаевна,13 мая 1873,-
Маркова Анна Леонтьевна,27 мая 1814,-
Марковникова Александра Александровна,9 іюня 1889,62
Марковъ Никаноръ Михайловичъ,1 ноября 1783,-
Марковъ Никаноръ Михайловичъ,10 іюля 1866,69
Мармылевъ Иванъ Петровичъ,7 марта 1837,-
Мартыновъ Иванъ Мартыновичъ,6 ноября 1840,69
Мартюшовъ Константинъ Ростиславовичъ,22 іюля 1909,-
Марченко Павелъ Васильевичъ,8 декабря 1883,55
Маслениковъ Николай Ивановичъ,3 іюля 1900,-
Маслова Ольга Степановна,6 августа 1828,-
Маслоковецъ Алексапдра Ивановна,27 сентября 1877,67
Межаковъ Николай Александровичъ,27 декабря 1876,40
Мейнике Петръ Ивановичъ,28 января 1885,-
Мейснеръ Иванъ Яковлевичъ,28 января 1857,-
Мейснеръ Якобина Яковлевна,4 сентября 1862,-
Мелиссино Иванъ Ивановичъ,23 марта 1725,-
Меллеръ Петръ Ивановичъ,2 января 1887,-
Мельниковъ Павелъ Петровичъ,22 іюля 1880,-
Мельниковъ Петръ Ивановичъ,5 мая 1859,82
Мельницкая Варвара Львовна,12 сентября 1899,60
Мельницкая Любовь Логиновна,16 сентября 1854,-
Мельницкая Ольга Порфирьевна,13 іюня 1846,-
Мельницкая Павла Петровна,23 января 1882,-
Меншикова Фелицата Аврамовна,10 октября 1895,-
Меркулова Варвара Яковлевна,4 мая 1852,-
Мерцалова Алевтина Ивановна,7 сентября 1876,-
Метелкинъ Петръ Ивановичъ,12 декабря 1867,-
Микляева Елена Ивановна,26 февраля 1864,-
Микляевъ Иванъ Степановичъ,3 декабря 1885,-
Микляевъ Митрофанъ Митрофановичъ,2 ноября 1862,-
Милашевичъ Надежда Ивановна,20 декабря 1859,16
Милашевичъ Настасья Максимовна,18 марта 1881,75
Милашевичъ Петръ Ивановичъ,1 мая 1882,38
Милькова Елизавета Михайловна,18 января 1892,-
Милюкова Агриппина Кононовна,4 сентября 1863,-
Николая Кононовича Милюкова,23 октября 1907,-
Милюкова Параскева Ивановна,1 октября 1848,67
Милюкова Софья Андреевна,19 ноября 1810,70
Милюковъ Владиславъ Ивановичъ,14 сентября 1864,-
Милюковъ Михаилъ Николаевичъ,5 мая 1867,-
Милюковъ Михаилъ Николаевичъ,7 сентября 1875,29
Милюковъ Никита Яковлевичъ,7 мая 1808,73
Милюковъ Николай Петровичъ,5 декабря 1889,-
Милюковъ Павелъ Ивановичъ,4 мая 1792,32
Милюковъ Петръ Андреевичъ,11 іюня 1873,69
Милюковъ Петръ Яковлевичъ,9 октября 1877,55
Миндовская Харитина Михайловна,21 мая 1851,-
Минина Анна Никитична,12 марта 1846,-
Мировичъ Иванъ Ивановичъ,22 января 1846,-
Мистрова Варвара Ильинична,20 іюля 1817,66
Мистрова Екатерина Александровна,20 октября 1889,35
Мистрова Надежда Ивановна,1 января 1901,75
Мистровъ Антонъ Ивановичъ,9 февраля 1845,86
Мистровъ Егоръ Патаповичъ,26 марта 1843,73
Мистровъ Ефремъ Ивановичъ,3 ноября 1782,-
Мистровъ Иванъ Ефремовичъ,1 января 1799,-
Мистровъ Иванъ Ивановичъ,15 августа 1852,-
Митрино Анна Петровна,28 февраля 1872,-
Михельсонъ Адамъ Яковлевичъ,31 мая 1891,73
Михневичъ Акилина Александровна,31 августа 1890,-
Мичурина Александра Ивановна,27 марта 1836,58
Мичуринъ Михаилъ Васильевичъ,3 іюля 1884,66
Модзалевская Ольга Кузьминична,20 февраля 1881,-
Моллеръ Цезарь Карловичъ,8 августа 1866,-
Молчанова Елизавета Петровна,6 ноября 1903,-
Монинъ Михаилъ Никитичъ,1 ноября 1865,-
Мордвинова Авдотья Яковлевна,11 сентября 1834,70
Мордвиновъ Александръ Николаевичъ,22 іюля 1847,54
Мордвиновъ Петръ Яковлевичъ,25 октября 1799,-
Морозовъ Константинъ Михайловичъ,5 іюня 1843,48
Мохрякова Ольга Ивановна,6 января 1888,-
Маравьева Елизавета Антоновна,17 іюня 1877,-
Муромцевъ Павелъ Степановичъ,3 іюня 1822,-
Мячиковъ Константинъ Николаевичъ,12 октября 1874,-
Мячиковъ Николай Константиновичъ,29 іюня 1838,-
Мячкова Варвара Васильевна,27 февраля 1798,-
Мячковъ Иванъ Васильевичъ,26 марта 1883,-
Мячковъ Никифоръ Петровичъ,28 сентября 1835,70
Мячковъ Павелъ Александровичъ,9 іюля 1833,-
Мячковъ Петръ Васильевичъ,26 августа 1788,58
Набоковъ Павелъ Васильевичъ,12 мая 1870,-
Нагинъ Лука Петровичъ,10 марта 1645,-
Нагинъ Петръ Андреевичъ,22 іюня 1648,-
Назимова Агриппина Александровна,10 сентября 1845,54
Назииова Варвара Яковлевна,11 сентября 1865,-
Назимова Екатерина Ивановна,25 августа 1896,-
Назимова Екатерина Лазаревна,9 іюня 1825,-
Назимовъ Иванъ Ивановичъ,25 іюля 1893,75
Могилевскаго Окружного Суда,26 ноября 1912,-
Назимовъ Николай Никитичъ,3 іюня 1791,-
Назимовъ Петръ Львовичъ,6 іюня 1898,-
Нартова Александра Александровна,5 ноября 1805,-
Нартова Ольга Константиновна,27 ноября 1855,-
Нарышкина Елизавета Семеновна,16 мая 1819,76
Наумова Елизавета Карловна,7 февраля 1911,-
Наумовъ Андрей Андреевичъ,14 мая 1809,-
Небольсинъ Иванъ Петровичъ,29 декабря 1836,-
Небольсинъ Платонъ Ивановичъ,28 іюля 1848,52
Нееловъ Капитонъ Андреевичъ,11 іюня 1872,-
Незнаиова Екатерина Николаевна,9 октября 1854,-
Нейдгартъ Михаилъ Александровичъ,22 мая 1862,-
Неклюдова Анна Францевна,1 августа 1912,-
Неклюдовъ Иванъ Ивановичъ,8 марта 1840,-
Некрасова Александра Ивановна,15 января 1856,47
Нелидова Александра Петровна,10 іюля 1857,-
Нелидовъ Иванъ Александровичъ,19 сентября 1887,-
Нелидовъ Николай Александровичъ,22 октября 1866,-
Неплюевъ Иванъ Ивановичъ,22 октября 1858,-
Нечаева Елизавета Ананьевна,11 января 1862,72
Нечаевъ Петръ Андреевичъ,9 марта 1863,-
Никитина Екатерина Карповна,3 февраля 1836,-
Никитинъ Михаилъ Ефимовичъ,15 декабря 1880,-
Никитинъ Николай Львовичъ,3 ноября 1885,-
Николаевъ Николай Аеанасьевичъ,9 мая 1900,-
Николевъ Николай Петровичъ,24 января 1815,-
Ниловъ Иванъ Стефановичъ,22 января 1869,-
Ниловъ Степанъ Ивановичъ,28 декабря 1866,36
Новиковъ Александръ Николаевичъ,23 февраля 1879,35
Новиковъ Конрадъ Григорьевичъ,5 мая 1890,-
Новиковъ Павелъ Николаевичъ,18 февраля 1910,-
Новокщеновъ Николай Ивановичъ,20 февраля 1899,-
Новоселовъ Петръ Семеновичъ,3 іюля 1897,92
Новосильцевъ Петръ Ивановичъ,10 іюля 1797,45
Новоторжцева Екатерина Яковлевна,1 ноября 1886,59
Новоторжцевъ Петръ Антоновичъ,20 февраля 1886,73
Нолле Михаилъ Ивановичъ,4 августа 1885,-
Нояле Николай Михайловичъ,18 мая 1908,-
Норейко Михаилъ Константиновичъ,17 декабря 1890,-
Нормадцкая Ольга Карповна,23 декабря 1855,80
Носовичъ Венедиктъ Львовичъ,24 марта 1894,-
Ностицъ Карлъ Карловичъ,16 ноября 1879,-
Нотбекъ Елизавета Николаевна,10 января 1895,-
Нотбекъ Николай Борисовичъ,15 іюня 1851,-
Обольянинова Александра Николаевна,23 іюня 1884,-
Обухова Екатерина Васильевна,1 декабря 1877,-
Обухова Елена Васильевна,17 іюня 1863,-
Обуховъ Михаилъ Павловичъ,8 мая 1876,-
Обуховъ Трофимъ Ивановичъ,28 сентября 1887,-
Овсянниковъ Николай Ивановичъ,8 января 1859,-
Овцынъ Александръ Петровичъ,7 марта 1840,37
Огарева Дарья Артемьевна,11 іюля 1902,75
Огильви Николай Александровичъ,16 августа 1903,-
Огнянова Ираида Михайловна,31 октября 1863,73
Огнянова Любовь Андреевна,8 февраля 1863,48
Огняновъ Константинъ Михайловичъ,28 марта 1890,50
Огняновъ Николай Ивановичъ,20 мая 1887,40
Одинцовъ Илья Яковлевичъ,21 ноября 1897,-
Озерова Анна Яковлевна,22 марта 1857,-
Ознобишинъ Степанъ Петровичъ,30 октября 1804,-
Окновъ Михаилъ Васильевичъ,9 мая 1891,-
Окуневъ Андрей Прокофьёвичъ,7 марта 1656,-
Окуневъ Николай Петровичъ,7 іюня 1872,-
Олисовъ Иванъ Ивановичъ,16 ноября 1882,-
Оловянишникова Ольга Ивановна,20 февраля 1847,-
Орлова Анна Поликарповна,13 августа 1792,-
Орлова Матрона Васильевна,21 февраля 1871,-
Орлова Ольга Егоровна,3 сентября 1891,45
Орловъ Косма Ильичъ,20 ноября 1863,74
Осипова Елизавета Ивановна,25 февраля 1852,-
Осиповъ Иванъ Софоновичъ,5 февраля 1824,-
Осиповъ Николай Михайловичъ,27 января 1893,-
Осоргина Екатерина Саввична,5 декабря 1859,-
Осоргинъ Михаилъ Саввичъ,5 декабря 1859,-
Остафьевъ Александръ Семеновичъ,15 декабря 1821,-
Отрыганьева Серафима Петровна,23 декабря 1888,-
Очкина Прасковья Александровна,24 августа 1888,-
Ошанинъ Александръ Михайловичъ,3 января 1807,42
Ошанинъ Петръ Васильевичъ,30 мая 1785,52
Павлова Анна Михайловна,9 октября 1849,44
Павловичъ Михаилъ Яковлевичъ,3 ноября 1893,-
Павловичъ Ольга Тимоееевна,16 іюня 1896,-
Павловъ Борисъ Антоновичъ,18 іюня 1878,-
Павловъ Ипполитъ Николаевичъ,23 августа 1882,-
Павловъ Николай Ивановичъ,15 мая 1885,-
Павловъ Павелъ Николаевичъ,17 сентября 1869,69
Паевская Аделаида Николаевна,25 декабря 1908,-
Пазухинъ Александръ Васильевичъ,14 мая 1865,-
Палибина Александра Ивановна,12 іюня 1911,-
Палицынъ Александръ Ивановичъ,24 января 1781,-
Пальчикова Александра Ивановна,21 декабря 1814,-
Панафидина Анна Никитична,3 декабря 1843,83
Панафидина Варвара Петровна,10 сентшзші 1881,-
Панафидина Екатерина Петровна,27 ноября 1862,-
Панафидина Ирина Павловна,5 января 1877,-
Панафидина Татьяна Егоровна,7 іюня 1855,-
Панафидинъ Егоръ Петровичъ,23 октября 1895,-
Панафидинъ Иванъ Ниловичъ,24 мая 1889,65
Панафидинъ Павелъ Петровичъ,3 декабря 1872,46
Пантюхинъ Николай Ивановичъ,25 іюля 1881,-
Парская Александра Андреевна,17 января 1879,-
Пастуховъ Николай Петровичъ,5 декабря 1909,-
Патерина Стефанида Михайловна,28 ноября 1848,-
Пащенко Мануилъ Даниловичъ,16 іюля 1867,46
Пащенко Николай Стефановичъ,22 іюля 1894,68
Первова Прасковья Ивановна,5 іюля 1851,-
Первухина Елизавета Ивановна,22 августа 1906,-
Передкова Варвара Лаврентьевна,31 декабря 1895,-
Перская Алевтина Яковлевна,16 октября 1896,83
Перская Анна Яковлевна,1 января 1894,83
Перская Екатерина Ивановна,14 мая 1805,53
Перская Елизавета Яковлевна,28 ноября 1801,-
Перхуровъ Николай Андреевичъ,20 іюля 1802,-
Пестель Варвара Александровна,28 іюня 1838,-
Пестеревъ Иванъ Ивановичъ,11 іюня 1819,54
Петрова Варвара Александровна,19 іюля 1845,53
Петровъ Левъ Семеновичъ,13 января 1844,-
Пироговъ Косма Савельевичъ,16 августа 1865,-
Пироговъ Кузьма Кузьмичъ,6 декабря 1880,24
Пироговъ Михаилъ Кузьмичъ,18 іюля 1849,26
Пироговъ Николай Кузьмичъ,12 мая 1891,38
Пироговъ Павелъ Савельевичъ,5 марта 1859,37
Писаревъ Всеволодъ Андреевичъ,30 августа 1888,-
Писемская Глафира Никаноровна,24 декабря 1908,-
Плетнева Екатерина Ивановна,27 января 1908,-
Плещеева Елена Михайловна,29 мая 1773,33
Плотникова Елизавета Степановна,17 января 1868,-
Подашевская Елизавета Ивановна,26 января 1899,-
Подушкина Антонина Антоновна,26 марта 1889,-
Подушкинъ Антонъ Яковлевичъ,14 ноября 1880,-
Пожарская Анна Ивановна,2 декабря 1905,65
Позенъ Александра Павловна,4 ноября 1908,-
Позенъ Александръ Ивановичъ,7 іюля 1893,-
Позняковъ Леонидъ Ивановичъ,9 января 1888,-
Поливанова Александра Андреевна,6 августа 1904,-
Поливанова Александра Ивановна,29 августа 1839,-
Поливанова Анна Григорьевна,8 января 1841,56
Поливанова Надежда Петровна,23 іюля 1891,-
Поливановъ Михаилъ Александровичъ,11 августа 1880,-
Доливановъ Николай Михайловичъ,30 іюля 1825,-
Поливановъ Николай Петровичъ,2 ноября 1909,-
Поликарпова Александра Васильевна,12 октября 1852,75
Поликарповъ Николай Васильевичъ,16 марта 1837,62
Половцевъ Александръ Андреевичъ,9 мая 1892,-
Полтининъ Иванъ Петровичъ,12 іюня 1844,-
Полторацкая Варвара Михайловна,25 марта 1842,80
Полторацкая Варвара Николаевна,23 августа 1903,19
Полякова Акилина Ивановна,17 октября 1849,-
Полякова Анна Ивановна,14 марта 1913,-
Полякова Анна Кузьминична,22 іюля 1849,-
Полянская Прасковья Семеновна,26 сентября 1815,-
Померанцева Елена Васильевна,21 ноября 1882,-
Попова Александра Васильевна,18 октября 1866,89
Попова Анна Михайловна,21 ноября 1911,-
Поповъ Иванъ Ивановичъ,1 августа 1910,-
Поповъ Петръ Ивановичъ,18 марта 1879,-
Порошина Александра Николаевна,1 сентября 1858,-
Порошинъ Вячеславъ Семеновичъ,29 октября 1878,-
Поскочина Екатерина Васильевна,19 августа 1866,-
Поскочина Любовь Васильевна,9 августа 1869,-
Поссе Елизавета Яковлевна,8 іюня 1904,-
Постельникова Марья Николаевна,26 декабря 1859,-
Пошехонова Елизавета Васильевна,16 октября 1902,60
Пошехоновъ Антонъ Григорьевичъ,26 сентября 1864,-
Пошехоновъ Николай Антоновичъ,9 сентября 1895,-
Приваловъ Павелъ Александровичъ,18 мая 1906,-
Прозорова Варвара Ивановна,20 августа 1868,-
Протасьевъ Николай Петровичъ,27 марта 1823,-
Протасьевъ Павелъ Петровичъ,4 февраля 1852,-
Протасьевъ Петръ Александровичъ,2 ноября 1795,-
Протасьевъ Петръ Петровичъ,15 октября 1809,-
Протопопова Аграфена Петровна,2 октября 1857,-
Протопопова Елена Ивановна,27 іюля 1778,-
Птицынъ Павелъ Александровичъ,6 мая 1900,72
Пузино Константинъ Орестовичъ,29 мая 1884,-
Пузино Орестъ Поликарповичъ,30 іюня 1891,-
Пульхерова Екатерина Ивановна,23 декабря 1884,-
Пупковъ Константинъ Николаевичъ,3 ноября 1887,-
Пусторослева Параскева Андреевна,17 ноября 1758,-
Пустошкинъ Исаакъ Ивановичъ,26 августа 1782,-
Путилова Анна Александровна,25 марта 1873,82
Путилова Екатерина Ивановна,1 мая 1822,-
Путиловъ Иванъ Никифоровичъ,18 ноября 1842,-
Путятинъ Петръ Ивановичъ,27 февраля 1813,-
Пушкинъ Левъ Александровичъ,17 марта 1888,-
Пущина Варвара Ивановна,19 марта 1881,-
Пущинъ Михаилъ Ивановичъ,19 марта 1841,-
Пфефферъ Ольга Ричардовна,13 марта 1894,-
Пшеничниковъ Никифоръ Петровичъ,21 октября 1854,-
Пыжова Анна Александровна,18 мая 1888,56
Пятунинъ Илья Петровичъ,18 декабря 1843,77
Пятунинъ Илья Ильичъ,20 марта 1853,-
Равичъ-Щербо Антонина Михайловна,7 іюля 1884,-
Рагоза Николай Александровичъ,2 января 1856,53
Рагозина Анна Семеновна,3 сентября 1867,80
Рагозина Елизавета Петровна,24 мая 1854,-
Рангъ Михаилъ Михайловичъ,5 іюня 1876,-
Ранцевъ Александръ Александровичъ,16 января 1845,-
Ратманова Анна Ивановна,1 декабря 1901,68
Ратманова Варвара Александровна,10 іюля 1840,35
Ратьковская Елизавета Петровна,8 іюля 1836,-
Ратьковская Раиса Петровна,22 іюня 1853,-
Рау Анна Александровна,13 ноября 1883,-
Рау Павелъ Ивановичъ,30 августа 1872,-
Раутенбергъ Симеонъ Михайловичъ,23 сентября 1883,-
Рачеевъ Михаилъ Семеновичъ,11 ноября 1907,57
Рейнгольцъ Павелъ Яковлевичъ,8 ноября 1895,74
Рейхельтъ Петръ Ивановичъ,30 іюня 1868,-
Рекъ Екатерина Андреевна,14 іюля 1843,-
Ренне Егоръ Романовичъ,12 марта 1855,-
Репьевъ Петръ Николаевичъ,22 марта 1889,-
Ресина Александра Александровна,1 декабря 1860,-
Ресинъ Павелъ Ивановичъ,13 февраля 1848,62
Ретивцевъ Александръ Васильевичъ,7 іюля 1849,-
Реутова Прасковья Гавриловна,31 января 1776,-
Реутъ Анна Николаевна,20 мая 1897,-
Рикманъ Александръ Яковлевичъ,3 марта 1892,-
Рихтеръ Александра Николаевна,5 іюня 1906,-
Рогозинникова Анна Ивановна,23 марта 1902,-
Розановъ Капитонъ Ивановичъ,7 ноября 1865,58
Рокотова Екатерина Николаевна,5 мая 1894,-
Романова Александра Лукинична,26 іюня 1901,66
Романова Екатерина Николаевна,22 декабря 1897,-
Романова Ольга Карловна,26 ноября 1902,37
Романовъ Николай Степановичъ,12 сентября 1897,-
Романовъ Степанъ Викторовичъ,1 октября 1885,-
Ромейковъ Александръ Александровичъ,29 іюля 1887,-
Ромулова Анна Спиридоновна,26 мая 1872,67
Роопъ Борисъ Христофоровичъ,13 августа 1893,-
Ртищевъ Михаилъ Никитичъ,16 мая 1817,-
Рубцова Ольга Петровна,25 декабря 1860,19
Рубцовъ Петръ Андреевичъ,29 іюня 1896,79
Рукина Варвара Александровна,16 января 1837,-
Рукина Екатерина Александровна,14 августа 1818,-
Рукинъ Александръ Ивановичъ,13 декабря 1829,-
Рукинъ Александръ Николаевичъ,1 іюня 1839,-
Рукинъ Николай Александровичъ,30 іюня 1859,-
Рукинъ Николай Ивановичъ,25 сентября 1908,-
Рулевъ Семенъ Васильевичъ,9 сентября 1848,66
Румянцовъ Петръ Александровичъ,28 февраля 1864,-
Русинова Анна Ивановна,15 октября 1866,62
Рыкачева Анна Степановна,11 сентября 1887,68
Рыкачева Матрона Ивановна,23 октября 1805,71
Рыкачева Надежда Логиновна,24 января 1865,83
Рыкачевъ Семенъ Ивановичъ,15 сентября 1786,-
Рыкунинъ Петръ Ивановичъ,13 февраля 1902,43
Рыловъ Стефанъ Ивановичъ,2 февраля 1846,-
Рындинъ Иванъ Николаевичъ,8 декабря 1868,-
Рябкова Елизавета Степановна,22 декабря 1884,64
Рябцева Елизавета Ефимовна,16 іюля 1848,-
Сабурова Анна Васильевна,22 декабря 1813,-
Савинкова Александра Васильевна,24 мая 1899,61
Савиновъ Константинъ Макаровичъ,15 сентября 1865,-
Савинъ Прохоръ Степановичъ,20 января 1878,55
Савицкая Ольга Васильевна,25 ноября 1831,47
Самойловъ Андрей Васильевичъ,19 сентября 1871,-
Самсонова Анна Александровна,5 ноября 1866,-
Сапаловичъ Павелъ Яковлевичъ,20 іюня 1876,-
Сарафанова Любовь Васильевна,3 марта 1862,-
Сарафановъ Николай Яковлевичъ,19 ноября 1881,83
Саханская Анна Васильевна,11 февраля 1877,-
Сахаровъ Леонидъ Ивановичъ,11 января 1887,-
Свищева Анна Ивановна,20 іюля 1853,-
Секеринъ Александръ Павловичъ,18 мая 1853,-
Селифонтова Глафира Ивановна,25 декабря 1860,-
Селифонтовъ Михаилъ Петровичъ,6 іюня 1835,56
Селифонтовъ Николай Михайловичъ,22 октября 1846,21
Селифонтовъ Петръ Петровичъ,24 марта 1812,-
Семеновъ Константинъ Егоровичъ,17 января 1903,-
Семеновъ Никита Порфирьевичъ,6 ноября 1880,-
Семичевъ Николай Семеновичъ,9 мая 1868,-
Сидоровъ Михаилъ Никитичъ,21 марта 1899,-
Сизяковъ Ефремъ Филипповичъ,25 іюня 1848,-
Сизяковъ Илья Николаевичъ,12 сентября 1833,-
Симоновы Александра Николаевна,20 сентября 1892,22
Синицына Анна Васильевыа,14 августа 1877,64
Сипягина Елена Михайловна,29 іюня 1837,-
Сипягинъ Николай Андреевичъ,20 іюня 1864,-
Скворцова Анна Васильевна,7 мая 1907,-
Скобельцынъ Николай Евграфовичъ,6 января 1865,-
Скульская Надежда Львовна,9 ноября 1863,-
Смирнова Анна Ивановна,16 августа 1892,-
Смирнова Параскева Даниловна,7 сентября 1881,75
Смирновъ Андрей Павловичъ,1 марта 1901,-
Смирновъ Николай Ивановичъ,29 іюля 1889,-
Смольяниновъ Николай Павловичъ,9 марта 1885,-
Смыслова Любовь Михайловна,17 сентября 1858,28
Смятьева Анна Андреевна,6 декабря 1816,-
Соболева Аглаида Ивановна,21 ноября 1890,50
Соболева Ольга Ивановна,5 мая 1893,-
Соболевъ Николай Николаевичъ,28 ноября 1892,-
Соколовская Клеопатра Егоровна,23 января 1900,-
Соколовъ Викторъ Васильевичъ,17 мая 1907,39
Соколовъ Иванъ Саввичъ,19 сентября 1834,-
Сомова Екатерина Асигкритовна,24 октября 1909,-
Сомовъ Михаилъ Ивановичъ,23 іюля 1891,-
Сонина Мареа Яковлевна,10 августа 1803,-
Сорокина Екатерина Платоновна,29 января 1883,-
Сорохтина Василисса Ивановна,15 августа 1858,-
Сорохтинъ Николай Васильевичъ,28 мая 1840,75
Спечинская Елизавета Никитична,30 марта 1816,56
Стальнова Ольга Григорьевна,4 марта 1901,-
Станчулъ Глафира Ивановна,6 октября 1878,-
Старкова Елизавета Николаевна,24 марта 1880,-
Старошаршавинъ Александръ Ивановичъ,14 декабря 1831,55
Стогова Анна Ивановна,17 мая 1853,-
Стогова Ирина Ивановна,12 іюня 1804,65
Стоговъ Лазарь Ивановичъ,5 ноября 1805,52
Столповская Елизавета Трофимовна,18 февраля 1905,-
Стольникова Елизавета Ивановна,13 февраля 1847,33
Стольникова Параскева Васильевна,18 февраля 1843,57
Строговщикова Екатерина Николаевна,8 іюня 1861,-
Строговщиковъ Александръ Петровичъ,26 августа 1894,-
Строева Александра Павловна,24 мая 1856,24
Субботина Анна Николаевна,26 августа 1872,72
Суворова Александра Евграфовна,14 августа 1871,-
Суворова Анна Евграфовна,26 февраля 1865,76
Суворова Ларисса Ивановна,24 февраля 1873,-
Суворовъ Андрей Ивановичъ,9 января 1879,-
Судовщикова Анна Степановна,3 іюня 1876,-
Суетиновъ Андрей Яковлевичъ,28 мая 1905,38
Сумина Анна Андреевна,4 іюня 1822,-
Сумина Екатерина Петровна,5 февраля 1823,25
Суминъ Павелъ Петровичъ,3 февраля 1871,75
Сусловъ Стефанъ Васильевичъ,23 ноября 1887,75
Сухово-Кобылинъ Иванъ Васильевичъ,6 іюня 1842,-
Сухотина Александра Евграфовна,16 іюля 1853,52
Сухотина Настасья Петровна,1 января 1813,-
Сырейщикова Анна Максимовна,25 августа 1887,-
Талантовъ Александръ Стефановичъ,2 іюля 1859,-
Талызинъ Борисъ Александровичъ,26 сентября 1879,-
Таптыковъ Иванъ Александровичъ,27 іюня 1911,-
Татищевъ Александръ Александровичъ,25 сентября 1863,-
Таунлей Викторъ Николаевичъ,25 января 1883,-
Теглева Анна Николаевна,13 ноября 1857,67
Теглева Валентина Васильевна,13 ноября 1885,-
Теглевъ Александръ Николаевичъ,2 января 1839,-
Теглевъ Николай Никитичъ,2 января 1848,-
Теглевъ Яковъ Петровичъ,16 декабря 1799,-
Телепнева Елизавета Васильевна,6 іюля 1903,-
Теньковъ Петръ Ивановичъ,6 декабря 1887,64
Тепляшинъ Семенъ Петровичъ,4 марта 1893,-
Тиль Любовь Петровна,23 ноября 1900,-
Тимирева Александра Ивановна,14 іюля 1853,1
Тимиревъ Иванъ Степановичъ,21 октября 1829,-
Титова Анна Васильевна,8 февраля 1825,-
Титова Анна Егоровна,16 іюня 1844,67
Титова Анна Макарьевна,21 декабря 1794,79
Ткачева Татьяна Захаровна,28 февраля 1835,-
Толбугина Анна Александровна,13 іюля 1786,35
Толбугинъ Левъ Васильевичъ,4 августа 1853,-
Толбугинъ Леонидъ Павловичъ,16 февраля 1878,-
Толбугинъ Николай Михайловичъ,13 августа 1814,32
Толбузинъ Вячеславъ Васильевичъ,28 марта 1788,-
Толбузинъ Николай Арсеньевичъ,16 марта 1868,-
Толбухина Елена Львовна,14 іюля 1868,-
Толмачева Ольга Степановна,22 февраля 1909,-
Толмачовъ Акимъ Ивановичъ,26 мая 1906,44
Толмачевъ Павелъ Петровичъ,14 августа 1847,-
Толстая Александра Андреевна,8 мая 1835,33
Толстая Екатерина Петровна,22 октября 1833,-
Толстая Елена Павловна,13 марта 1885,-
Толстой Егоръ Павловичъ,13 марта 1890,-
Толстой Иванъ Семеновичъ,26 декабря 1783,-
Толстой Леонидъ Николаевичъ,10 ноября 1887,-
Толстой Петръ Павловичъ,14 іюня 1863,-
Топлениновъ Александръ Евграфовичъ,14 января 1902,59
Топлениновъ Николай Евграфовичъ,29 октября 1881,-
Торопова Серафима Никифоровна,14 іюля 1871,50
Травинъ Семенъ Ивановичъ,5 іюля 1901,-
Трапезникова Екатерина Ивановна,22 января 1849,16
Трапезниковъ Иванъ Михайловичъ,17 января 1851,-
Траубе Андрей Петровичъ,27 февраля 1817,-
Трегубова Александра Ивановна,3 марта 1835,-
Трегубова Марина Яковлевна,2 ноября 1832,-
Третьякова Анна Павловна,7 марта 1842,29
Трефортъ Петръ Константиновичъ,16 іюня 1889,-
Тропарь Иванъ Михаиловичъ,21 сентября 1393,-
Трофимовъ Александръ Ильичъ,25 іюля 1891,67
Троянова Анна Васильевна,15 февраля 1900,-
Трубачеева Анна Ивановна,8 іюля 1831,77
Трубицкая Зинаида Аггеевна,18 мая 1859,-
Трубникова Ольга Арсеньевна,31 августа 1882,-
Трубникова Ольга Николаевна,22 марта 1859,-
Трубниковъ Иванъ Ивановичъ,12 сентября 1906,-
Трусова Варвара Петровна,24 марта 1896,-
Тулубьева Анна Васильевна,24 марта 1857,-
Тулубьева Анна Степановна,5 ноября 1790,23
Тулубьева Екатерина Ильинична,9 мая 1837,65
Тулубьева Мавра Васильевна,4 сентября 1795,52
Тулубьева Мавра Степановна,19 іюня 1835,62
Тулубьева Настасья Никифоровна,20 іюля 1807,50
Тулубьева Прасковья Ивановна,16 іюня 1882,60
Тулубьевъ Александръ Ильичъ,3 марта 1823,-
Тулубьееъ Иванъ Васильевичъ,16 февраля 1832,75
Тулубьевъ Николай Никаноровичъ,19 декабря 1875,-
Тулубьевъ Петръ Ивановичъ,21 мая 1834,31
Тулубьевъ Семенъ Ильичъ,24 января 1812,50
Тургенева Екатерина Семеновна,27 ноября 1824,-
Тухтеевъ Филиппъ Семеновичъ,13 мая 1858,55
Тучкова Елена Ивановна,18 января 1793,59
Тучкова Елизавета Ивановна,27 октября 1825,52
Тучковъ Иванъ Васильевичъ,24 октября 1783,55
Тучковъ Петръ Васильевичъ,15 февраля 1786,64
Тыртова Анна Ивановна,5 февраля 1789,98
Тыртовъ Иванъ Яковлевичъ,9 іюня 1801,28
Тыртовъ Петръ Александровичъ,1 августа 1862,-
Тюриковъ Александръ Николаевичъ,9 августа 1891,-
Тютчева Екатерина Андреевна,29 сентября 1838,74
Тютчева Елизавета Михайловна,24 августа 1847,10
Тютчевъ Павелъ Васильевичъ,9 января 1895,-
Тяжелова Екатерина Андреевна,22 февраля 1895,-
Тяжеловъ Александръ Аеанасьевичъ,25 мая 1905,-
Унковская Акилина Ивановна,11 декабря 1849,-
Уразовъ Илья Игнатьевичъ,27 ноября 1900,45
Уразовъ Михаилъ Игнатьевичъ,26 марта 1905,40
Урбановская Параскева Васильевна,1 февраля 1857,-
Усачевъ Тихонъ Тихоновичъ,1 декабря 1825,-
Усовъ Андрей Александровичъ,10 августа 1850,-
Усовъ Николай Николаевичъ,14 февраля 1909,54
Устинова Надежда Ивановна,11 іюля 1892,67
Уткинъ Илья Петровичъ,7 марта 1868,-
Ушакова Анна Александровна,12 декабря 1817,-
Ушакова Анна Петровна,14 іюля 1853,-
Ушакова Варвара Васильевна,4 октября 1891,75
Ушакова Екатерина Ивановна,12 августа 1849,-
Ушакова Екатерина Николаевна,13 марта 1910,-
Ушакова Елизавета Михайловна,6 августа 1880,26
Архангельской Казенной Палатой,6 октября 1911,-
Ушаковъ Антонъ Ивановичъ,26 января 1902,-
Ушаковъ Иванъ Павловичъ,21 января 1870,52
Ушаковъ Николай Александровичъ,22 іюля 1842,-
Ушаковъ Николай Михайловичъ,10 февраля 1902,-
Ушаковъ Петръ Ивановичъ,29 января 1785,34
Ушаковъ Петръ Николаевичъ,29 іюля 1898,-
Ушаковъ Петръ Степановичъ,11 марта 1874,-
Ушанозъ Михаилъ Ивановичъ,10 іюня 1863,64
Ушковъ Степанъ Мироновичъ,12 февраля 1832,-
Фаминцына Елизавета Андреевна,2 октября 1832,-
Фиглева Анна Васильевна,31 мая 1909,-
Фиглева Елизавета Ивановна,25 января 1898,65
Фиглевъ Петръ Васильевичъ,27 октября 1884,-
Филисова Авдотья Петровна,19 іюля 1852,-
Философова Анна Павловна,17 марта 1912,-
Апостола Андрея Первозваннаго,28 сентября 1811,-
Флерова Анна Ивановна,25 октября 1889,-
Флоринская Анна Михайловна,31 августа 1871,-
Фортунатовъ Михаилъ Петровичъ,13 мая 1895,74
Францева Ольга Васильевна,18 октября 1862,50
Фрязинъ Платонъ Ивановичъ,20 октября 1848,-
Хаминовъ Зосима Андреевичъ,5 марта 1896,-
Ханеневъ Семенъ Ивановичъ,19 іюля 1789,-
Ханыковъ Михаилъ Николаевичъ,3 января 1885,-
Харламовъ Иванъ Андреевичъ,15 января 1812,-
Харламовъ Иванъ Николаевичъ,18 марта 1887,-
Харламовъ Николай Петровичъ,9 декабря 1889,-
Хвостова Агриппина Александровна,1 января 1820,-
Хвостова Александра Андреевна,30 мая 1834,25
Хвостова Анна Никитична,16 сентября 1834,85
Хвостова Анна Николаевна,16 ноября 1891,47
Хвостова Параскева Андреевна,27 сентября 1835,30
Хвостова Прасковья Николаевна,13 марта 1853,-
Хвостова Фелицата Ивановна,26 декабря 1867,-
Хвостовъ Андрей Елиссеевичъ,16 іюня 1832,70
Хвостовъ Яковъ Марковичъ,28 февраля 1819,-
Хвощинская Анна Николаевна,10 августа 1860,-
Хлопова Александра Александровна,23 декабря 1813,25
Холщевниковъ Николай Васильевичъ,5 іюля 1871,-
Хомутова Елена Васильевна,11 января 1807,-
Хрутцкая Анна Ивановна,16 января 1906,-
Хрущовъ Николай Ивановичъ,16 августа 1889,-
Цеберъ Анна Карловна,28 декабря 1900,23
Мантейфель Александръ Петровичъ,28 октября 1899,-
Чагина Аграфена Ивановна,28 декабря 1857,47
Чагинъ Иванъ Петровичъ,6 декабря 1862,65
Чаплина Анна Аггеевна,1 января 1845,71
Чаплина Варвара Михайловна,12 августа 1909,-
Чаплина Екатерина Ильинична,22 іюля 1852,64
Чаплина Любовь Арсеньевна,17 октября 1880,-
Чаплина Поликсена Александровна,28 мая 1848,-
Чаплинъ Илья Андреевичъ,11 января 1897,-
Чаплинъ Михаилъ Михайловичъ,31 декабря 1911,-
Чаплинъ Николай Андреевичъ,15 августа 1866,-
Чашникова Варвара Александровна,8 іюля 1848,-
Чашникова Ольга Ивановна,11 сентября 1893,-
Челищевъ Михаилъ Ивановичъ,2 ноября 1867,-
Червонная Надежда Прокофьевна,6 іюня 1851,-
Черевинъ Петръ Ивановичъ,28 августа 1813,84
Черкасова Варвара Петровна,2 сентября 1864,47
Черкасова Екатерина Васильевна,17 марта 1910,67
Черкасовъ Михаилъ Васильевичъ,22 іюля 1862,62
Черкасовъ Петръ Васильевичъ,25 іюля 1859,52
Черкашенинова Варвара Васильевна,18 марта 1869,67
Черкашениновъ Илья Ивановичъ,31 мая 1809,-
Черкашениновъ Илья Николаевичъ,30 марта 1887,-
Черкашениновъ Николай Васильевичъ,18 ноября 1858,54
Черкесова Прасковья Антоновна,26 февраля 1898,-
Черкесовъ Михаилъ Антоновичъ,9 августа 1858,-
Чернева Елена Николаевна,21 іюня 1880,-
Черновъ Александръ Михайловичъ,26 сентября 1866,-
Черновъ Петръ Петровичъ,13 ноября 1893,-
Чертова Агриппина Яковлевна,26 января 1822,-
Варшавскаго Окружнаго Суда,14 января 1904,-
Чириковъ Павелъ Петровичъ,5 февраля 1826,33
Чиркова Анна Николаевна,30 іюня 1910,61
Чирковъ Михаилъ Ивановичъ,31 января 1900,-
Чистяковъ Николай Ивановичъ,25 іюля 1906,-
Чихачева Александра Николаевна,27 мая 1802,-
Чихачева Екатерина Николаевна,12 января 1824,-
Чихачевъ Николай Семеновичъ,15 мая 1826,-
Чихачевъ Николай Яковлевичъ,24 іюля 1823,-
Чихачевъ Павелъ Николаевичъ,10 августа 1872,-
Чичагова Екатерина Васильевна,17 іюня 1848,-
Чичагова Татьяна Васильевна,28 февраля 1846,-
Чичаговъ Стефанъ Ивановичъ,9 января 1855,-
Чоглокова Елизавета Николаевна,3 января 1869,-
Чоглокова Ольга Николаевна,14 іюля 1867,-
Чулковъ Николай Васильевичъ,5 іюля 1815,-
Чулковъ Николай Леонтьевичъ,17 іюня 1854,-
Чуркина Ольга Васильевна,20 января 1859,-
Чуфаровская Екатерина Ивановна,29 марта 1857,-
Шавровъ Николай Михайловичъ,16 іюля 1884,79
Шагановъ Николай Ильичъ,11 ноября 1877,-
Шалыгинъ Иванъ Григорьевичъ,16 декабря 1909,-
Шамшева Анна Андреевна,3 іюля 1877,85
Шамшевъ Петръ Васильевичъ,3 мая 1887,-
Шатилова Любовь Ивановна,6 января 1862,73
Шатиловъ Иванъ Андреевичъ,9 января 1829,80
Шатиловъ Левъ Яковлевичъ,26 іюня 1804,85
Шахровъ Павелъ Андреевичъ,3 іюня 1897,68
Швабъ Антонъ Павловичъ,13 октября 1909,64
Шварцъ Екатерина Михайловна,7 марта 1810,-
Шевелкинъ Иванъ Петровичъ,13 мая 1824,-
Шевелкинъ Петръ Ивановичъ,21 февраля 1828,-
Шелашникова Александра Николаевна,6 іюля 1894,-
Шерсковъ Иванъ Герасимовичъ,19 февраля 1886,-
Шестакова Александра Петровна,9 декабря 1895,-
Шестаковъ Александръ Ильичъ,9 марта 1864,46
Шестаковъ Иванъ Николаевичъ,16 ноября 1876,-
Шигоринъ Германъ Ивановичъ,17 марта 1899,71
Шигоринъ Яковъ Александровичъ,19 сентября 1868,-
Шильдъ Петръ Петровичъ,9 января 1878,-
Шингарева Павла Михайловна,23 марта 1898,-
Шипова Анна Александровна,13 декабря 1869,-
Шиповъ Иванъ Павловичъ,21 октября 1841,-
Шиповъ Михаилъ Михаиловичъ,6 февраля 1852,-
Шиповъ Павелъ Ивановичъ,1 февраля 1897,-
Шишелова Анна Александровна,7 января 1879,92
Шишелова Елизавета Платоновна,20 марта 1881,-
Шишеловъ Павелъ Платоновичъ,3 іюля 1855,-
Шишеловъ Платонъ Ивановичъ,4 іюля 1828,59
Шишкина Анна Александровна,29 марта 1903,-
Шишкинъ Петръ Андреевичъ,11 мая 1771,-
Шишковская Елизавета Макаровна,15 февраля 1900,-
Шишковъ Степанъ Михайловичъ,15 января 1769,-
Шкотъ Надежда Александровна,10 февраля 1885,-
Шнейдерсъ Елизавета Александровна,10 мая 1849,29
Шпееръ Иванъ Абрамовичъ,8 января 1893,-
Штанковская Екатерина Александровна,17 августа 1896,68
Штемпель Анна Петровна,27 мая 1839,-
Шубина Анна Михайловна,9 января 1899,84
Шубинская Анна Павловна,20 ноября 1887,-
Шубинская Елизавета Андреевна,23 ноября 1909,-
Шубинская Прасковья Петровна,23 марта 1855,-
Шубинъ Михаилъ Николаевичъ,10 іюня 1871,-
Шульгина Екатерина Павловна,23 августа 1837,-
Шупинская Екатерина Андреевна,8 января 1911,-
Щепетильниковъ Николай Николаевичъ,1 мая 1908,-
Щербакова Ольга Михайловна,29 іюля 1911,-
Щербиненко Иванъ Васильевичъ,7 іюня 1887,-
Щербовъ Петръ Михайловичъ,6 декабря 1895,-
Щукина Елизавета Семеновна,11 ноября 1892,-
Щукинъ Трофимъ Моисеевичъ,6 мая 1888,77
Эдингъ Екатерина Яковлевна,23 декабря 1883,38
Эйлеръ Надежда Николаевна,2 декабря 1876,-
Юдина Августа Аполлоновна,13 января 1907,-
Юреневъ Андрей Николаевичъ,18 іюня 1894,-
Юреневъ Николай Андреевичъ,29 августа 1840,-
Юреневъ Семенъ Павловичъ,1 іюля 1855,55
Юрьева Варвара Андреевна,3 февраля 1906,-
Юрьевъ Яковъ Петровичъ,26 ноября 1844,-
Юшкова Александра Егоровна,27 ноября 1883,-
Язвикова Александра Васильевна,9 января 1900,-
Языкова Анна Павловна,12 мая 1888,-
Языкова Екатерина Николаевна,19 сентября 1810,-
Языкова Параскева Ивановна,14 февраля 1814,-
Языковъ Илья Ивановичъ,31 октября 1786,-
Языковъ Михаилъ Васильевичъ,9 сентября 1855,-
Языковъ Николай Даниловичъ,9 августа 1803,-
Языковъ Николай Михайловичъ,4 августа 1892,-
Языковъ Павелъ Михайловичъ,19 іюля 1889,-
Языковъ Семенъ Григорьевичъ,2 марта 1818,-
Якимовичъ Николай Францевичъ,2 мая 1890,-
Яковлева Анна Акимовна,27 января 1830,44
Яковлева Анна Александровна,22 февраля 1905,-
Яковлевъ Павелъ Саввичъ,15 мая 1852,56
Яковлевъ Петръ Александровичъ,4 января 1821,-
Янковская Каролина Николаевна,12 ноября 1873,60
Яновъ Иванъ Васильевичъ,14 марта 1788,-
Ярковъ Михаилъ Гавриловичъ,14 сентября 1846,-
Яровицкая Людмила Филипповна,22 іюля 1885,-
Ярцова Любовь Аникитична,11 декабря 1876,-
Ярцовъ Павелъ Аникитинъ,25 марта 1843,-
Яхонтовъ Николай Петровичъ,4 іюня 1840,-
