,TF-IDF
на,0.3625632407104129
не,0.32835916139810983
что,0.2907346741545764
это,0.2633714107047339
для,0.24284896311735205
по,0.19154284414889738
мы,0.17102039656151552
но,0.13681631724921242
должны,0.12313468552429119
уже,0.11971427759306087
россии,0.11629386966183056
страны,0.10603264586813962
как,0.09919183000567901
года,0.08893060621198808
то,0.08893060621198808
за,0.08893060621198808
федерации,0.08551019828075776
все,0.08551019828075776
при,0.08551019828075776
этом,0.08208979034952746
их,0.08208979034952746
нужно,0.08208979034952746
граждан,0.07524897448706683
только,0.07524897448706683
всех,0.07182856655583653
чтобы,0.07182856655583653
уважаемые,0.07182856655583653
году,0.07182856655583653
быть,0.06840815862460621
коллеги,0.06840815862460621
так,0.06840815862460621
которые,0.0649877506933759
считаю,0.0649877506933759
том,0.061567342762145594
его,0.061567342762145594
от,0.061567342762145594
будет,0.061567342762145594
или,0.061567342762145594
сегодня,0.05814693483091528
нас,0.05814693483091528
семьи,0.05814693483091528
более,0.05814693483091528
связи,0.05472652689968497
конституции,0.05472652689968497
этой,0.05472652689968497
они,0.05130611896845466
еще,0.05130611896845466
также,0.05130611896845466
до,0.047885711037224346
сделать,0.047885711037224346
прошу,0.047885711037224346
во,0.047885711037224346
предлагаю,0.047885711037224346
есть,0.047885711037224346
сейчас,0.047885711037224346
людей,0.047885711037224346
конечно,0.047885711037224346
больше,0.04446530310599404
развития,0.04446530310599404
детей,0.04446530310599404
жизни,0.04446530310599404
здесь,0.04446530310599404
ребенка,0.04446530310599404
именно,0.04446530310599404
тем,0.04446530310599404
хочу,0.04104489517476373
этого,0.04104489517476373
тех,0.04104489517476373
бы,0.04104489517476373
всего,0.04104489517476373
правительства,0.04104489517476373
причем,0.037624487243533414
такой,0.037624487243533414
нам,0.037624487243533414
власти,0.037624487243533414
россия,0.037624487243533414
где,0.037624487243533414
значит,0.037624487243533414
же,0.034204079312303105
даже,0.034204079312303105
лет,0.034204079312303105
регионов,0.034204079312303105
рублей,0.034204079312303105
решения,0.034204079312303105
может,0.034204079312303105
ее,0.034204079312303105
создать,0.034204079312303105
могут,0.034204079312303105
наших,0.034204079312303105
время,0.034204079312303105
государственной,0.034204079312303105
тысяч,0.030783671381072797
ни,0.030783671381072797
очень,0.030783671381072797
люди,0.030783671381072797
когда,0.030783671381072797
перед,0.030783671381072797
ответственность,0.030783671381072797
да,0.030783671381072797
если,0.030783671381072797
российской,0.030783671381072797
поддержки,0.030783671381072797
будут,0.030783671381072797
нашей,0.030783671381072797
внимание,0.030783671381072797
из,0.030783671381072797
выплаты,0.030783671381072797
должен,0.030783671381072797
чем,0.027363263449842485
прежде,0.027363263449842485
вы,0.027363263449842485
человека,0.027363263449842485
нельзя,0.027363263449842485
систему,0.027363263449842485
правительство,0.027363263449842485
кто,0.027363263449842485
общества,0.027363263449842485
потому,0.027363263449842485
процентов,0.027363263449842485
свою,0.027363263449842485
просто,0.027363263449842485
вопрос,0.027363263449842485
работу,0.027363263449842485
стране,0.027363263449842485
менее,0.027363263449842485
было,0.027363263449842485
надо,0.027363263449842485
этот,0.027363263449842485
2021,0.027363263449842485
всей,0.027363263449842485
2020,0.027363263449842485
числе,0.027363263449842485
семья,0.027363263449842485
здравоохранения,0.023942855518612173
обеспечить,0.023942855518612173
работы,0.023942855518612173
возможность,0.023942855518612173
раз,0.023942855518612173
получить,0.023942855518612173
безусловно,0.023942855518612173
государства,0.023942855518612173
территории,0.023942855518612173
мест,0.023942855518612173
необходимым,0.023942855518612173
должна,0.023942855518612173
подчеркнуть,0.023942855518612173
такие,0.023942855518612173
роль,0.023942855518612173
почти,0.023942855518612173
право,0.023942855518612173
повторю,0.023942855518612173
случае,0.023942855518612173
закрепить,0.023942855518612173
семей,0.023942855518612173
доходы,0.023942855518612173
происходит,0.020522447587381865
особенно,0.020522447587381865
вместе,0.020522447587381865
изменения,0.020522447587381865
себя,0.020522447587381865
должно,0.020522447587381865
сфере,0.020522447587381865
он,0.020522447587381865
включая,0.020522447587381865
возможности,0.020522447587381865
условия,0.020522447587381865
минимума,0.020522447587381865
мире,0.020522447587381865
федерального,0.020522447587381865
своей,0.020522447587381865
десятилетия,0.020522447587381865
тоже,0.020522447587381865
страна,0.020522447587381865
развитие,0.020522447587381865
интернет,0.020522447587381865
второго,0.020522447587381865
решение,0.020522447587381865
стать,0.020522447587381865
об,0.020522447587381865
нашего,0.020522447587381865
каждого,0.020522447587381865
хорошо,0.020522447587381865
после,0.020522447587381865
президента,0.020522447587381865
января,0.020522447587381865
эту,0.020522447587381865
поэтому,0.020522447587381865
целом,0.020522447587381865
необходимо,0.017102039656151553
них,0.017102039656151553
такая,0.017102039656151553
постоянно,0.017102039656151553
подчеркну,0.017102039656151553
однако,0.017102039656151553
со,0.017102039656151553
прямо,0.017102039656151553
федеральному,0.017102039656151553
некоторые,0.017102039656151553
качества,0.017102039656151553
между,0.017102039656151553
были,0.017102039656151553
детьми,0.017102039656151553
регионах,0.017102039656151553
она,0.017102039656151553
федеральных,0.017102039656151553
председателя,0.017102039656151553
тогда,0.017102039656151553
важно,0.017102039656151553
получать,0.017102039656151553
эти,0.017102039656151553
который,0.017102039656151553
эта,0.017102039656151553
сказал,0.017102039656151553
системы,0.017102039656151553
система,0.017102039656151553
доходами,0.017102039656151553
думы,0.017102039656151553
обращаю,0.017102039656151553
тысячи,0.017102039656151553
задачи,0.017102039656151553
часто,0.017102039656151553
закон,0.017102039656151553
мало,0.017102039656151553
регионы,0.017102039656151553
которых,0.017102039656151553
рождении,0.017102039656151553
годы,0.017102039656151553
проекты,0.017102039656151553
через,0.017102039656151553
поддержать,0.017102039656151553
требует,0.017102039656151553
хотел,0.017102039656151553
требования,0.017102039656151553
предстоит,0.017102039656151553
знаете,0.017102039656151553
социальной,0.017102039656151553
государство,0.017102039656151553
бизнеса,0.017102039656151553
изменений,0.017102039656151553
прожиточного,0.017102039656151553
наша,0.017102039656151553
положение,0.013681631724921242
субъектах,0.013681631724921242
речь,0.013681631724921242
поддержку,0.013681631724921242
доходов,0.013681631724921242
трех,0.013681631724921242
предусмотреть,0.013681631724921242
середине,0.013681631724921242
народа,0.013681631724921242
число,0.013681631724921242
граждане,0.013681631724921242
убежден,0.013681631724921242
будем,0.013681631724921242
всю,0.013681631724921242
повышения,0.013681631724921242
сказать,0.013681631724921242
далее,0.013681631724921242
того,0.013681631724921242
ресурсы,0.013681631724921242
региональные,0.013681631724921242
наши,0.013681631724921242
много,0.013681631724921242
результат,0.013681631724921242
шаг,0.013681631724921242
жизнь,0.013681631724921242
начать,0.013681631724921242
человек,0.013681631724921242
регионе,0.013681631724921242
своих,0.013681631724921242
свой,0.013681631724921242
говорил,0.013681631724921242
бюджета,0.013681631724921242
действительно,0.013681631724921242
поколений,0.013681631724921242
школах,0.013681631724921242
меры,0.013681631724921242
национального,0.013681631724921242
школы,0.013681631724921242
новые,0.013681631724921242
руководители,0.013681631724921242
могли,0.013681631724921242
права,0.013681631724921242
находится,0.013681631724921242
главное,0.013681631724921242
смысл,0.013681631724921242
задач,0.013681631724921242
какими,0.013681631724921242
социальных,0.013681631724921242
собранию,0.013681631724921242
обязательно,0.013681631724921242
проблем,0.013681631724921242
потенциал,0.013681631724921242
цели,0.013681631724921242
программу,0.013681631724921242
вновь,0.013681631724921242
социальные,0.013681631724921242
проект,0.013681631724921242
оставаться,0.013681631724921242
социального,0.013681631724921242
органов,0.013681631724921242
инфраструктуру,0.013681631724921242
помощи,0.013681631724921242
помощь,0.013681631724921242
собой,0.013681631724921242
зале,0.013681631724921242
инвестиций,0.013681631724921242
конституционного,0.013681631724921242
пять,0.013681631724921242
современных,0.013681631724921242
последние,0.013681631724921242
отечественной,0.013681631724921242
взять,0.013681631724921242
впервые,0.013681631724921242
каждый,0.013681631724921242
идет,0.013681631724921242
зависит,0.013681631724921242
процента,0.013681631724921242
совета,0.013681631724921242
имею,0.013681631724921242
объеме,0.013681631724921242
учетом,0.013681631724921242
работать,0.013681631724921242
виду,0.013681631724921242
контракта,0.013681631724921242
многие,0.010261223793690932
здравоохранении,0.010261223793690932
инфляция,0.010261223793690932
многих,0.010261223793690932
пор,0.010261223793690932
чьи,0.010261223793690932
демографии,0.010261223793690932
демографического,0.010261223793690932
десять,0.010261223793690932
сталкивается,0.010261223793690932
поправок,0.010261223793690932
использовать,0.010261223793690932
технологических,0.010261223793690932
самых,0.010261223793690932
итогам,0.010261223793690932
создали,0.010261223793690932
стал,0.010261223793690932
кредита,0.010261223793690932
можно,0.010261223793690932
знаю,0.010261223793690932
послание,0.010261223793690932
наладить,0.010261223793690932
идти,0.010261223793690932
наконец,0.010261223793690932
россией,0.010261223793690932
под,0.010261223793690932
подготовки,0.010261223793690932
труда,0.010261223793690932
дальнейшем,0.010261223793690932
три,0.010261223793690932
поддержка,0.010261223793690932
роста,0.010261223793690932
средства,0.010261223793690932
порядок,0.010261223793690932
каждой,0.010261223793690932
сразу,0.010261223793690932
ряд,0.010261223793690932
среднем,0.010261223793690932
интересах,0.010261223793690932
двумя,0.010261223793690932
средств,0.010261223793690932
значение,0.010261223793690932
декабря,0.010261223793690932
молодых,0.010261223793690932
мне,0.010261223793690932
капитал,0.010261223793690932
свои,0.010261223793690932
других,0.010261223793690932
счет,0.010261223793690932
материнского,0.010261223793690932
материнский,0.010261223793690932
экономики,0.010261223793690932
экономику,0.010261223793690932
сферах,0.010261223793690932
доступ,0.010261223793690932
2024,0.010261223793690932
сентября,0.010261223793690932
доход,0.010261223793690932
этих,0.010261223793690932
людям,0.010261223793690932
31,0.010261223793690932
консультаций,0.010261223793690932
каждом,0.010261223793690932
90,0.010261223793690932
ситуации,0.010261223793690932
75,0.010261223793690932
судей,0.010261223793690932
ситуация,0.010261223793690932
617,0.010261223793690932
лекарств,0.010261223793690932
скажу,0.010261223793690932
контроль,0.010261223793690932
которой,0.010261223793690932
субъектов,0.010261223793690932
которым,0.010261223793690932
сколько,0.010261223793690932
политику,0.010261223793690932
законодательства,0.010261223793690932
помочь,0.010261223793690932
международного,0.010261223793690932
своим,0.010261223793690932
согласен,0.010261223793690932
становится,0.010261223793690932
какие,0.010261223793690932
которыми,0.010261223793690932
детям,0.010261223793690932
практически,0.010261223793690932
деятельности,0.010261223793690932
безопасности,0.010261223793690932
практике,0.010261223793690932
министров,0.010261223793690932
пока,0.010261223793690932
без,0.010261223793690932
кардинально,0.010261223793690932
миллионов,0.010261223793690932
банка,0.010261223793690932
теперь,0.010261223793690932
механизм,0.010261223793690932
текущего,0.010261223793690932
школу,0.010261223793690932
аплодисменты,0.010261223793690932
должности,0.010261223793690932
должность,0.010261223793690932
школьников,0.010261223793690932
2000,0.010261223793690932
такого,0.010261223793690932
дополнительные,0.010261223793690932
думаю,0.010261223793690932
проблемы,0.010261223793690932
ускорить,0.010261223793690932
уровня,0.010261223793690932
одного,0.010261223793690932
период,0.010261223793690932
возрасте,0.010261223793690932
федеральные,0.010261223793690932
реализация,0.010261223793690932
ввп,0.010261223793690932
означает,0.010261223793690932
условиях,0.010261223793690932
очередь,0.010261223793690932
была,0.010261223793690932
нет,0.010261223793690932
оценкам,0.010261223793690932
принципы,0.010261223793690932
войны,0.010261223793690932
ребенок,0.010261223793690932
великой,0.010261223793690932
уровне,0.010261223793690932
регионального,0.010261223793690932
регионам,0.010261223793690932
приняли,0.010261223793690932
независимость,0.010261223793690932
резервы,0.010261223793690932
профессии,0.010261223793690932
будущему,0.010261223793690932
ценности,0.010261223793690932
нашему,0.010261223793690932
новой,0.010261223793690932
центров,0.010261223793690932
президент,0.010261223793690932
объединений,0.010261223793690932
педагогов,0.010261223793690932
приема,0.010261223793690932
всегда,0.010261223793690932
вас,0.010261223793690932
обществе,0.010261223793690932
общественных,0.010261223793690932
общество,0.010261223793690932
вторых,0.010261223793690932
врачей,0.010261223793690932
части,0.010261223793690932
образом,0.010261223793690932
размер,0.010261223793690932
образования,0.010261223793690932
один,0.010261223793690932
вперед,0.010261223793690932
работе,0.010261223793690932
работают,0.010261223793690932
работа,0.010261223793690932
фактически,0.010261223793690932
обязанность,0.010261223793690932
обеспечения,0.010261223793690932
обязаны,0.010261223793690932
рамках,0.010261223793690932
выйти,0.010261223793690932
часть,0.010261223793690932
новых,0.010261223793690932
нашем,0.010261223793690932
обучения,0.010261223793690932
направлениям,0.010261223793690932
наступающего,0.010261223793690932
уважения,0.010261223793690932
уверен,0.010261223793690932
увеличивать,0.010261223793690932
видим,0.010261223793690932
внедрять,0.010261223793690932
основной,0.010261223793690932
основе,0.010261223793690932
внести,0.010261223793690932
государственного,0.010261223793690932
проектов,0.010261223793690932
большие,0.010261223793690932
представлению,0.010261223793690932
угрозы,0.010261223793690932
национальные,0.010261223793690932
ответственности,0.010261223793690932
главы,0.010261223793690932
программа,0.010261223793690932
нами,0.010261223793690932
большую,0.010261223793690932
будущего,0.010261223793690932
наш,0.010261223793690932
населения,0.010261223793690932
вклад,0.010261223793690932
иначе,0.006840815862460621
пяти,0.006840815862460621
проблема,0.006840815862460621
конца,0.006840815862460621
которого,0.006840815862460621
сложной,0.006840815862460621
работает,0.006840815862460621
ответить,0.006840815862460621
сложных,0.006840815862460621
инвестиционный,0.006840815862460621
пятое,0.006840815862460621
конституция,0.006840815862460621
союза,0.006840815862460621
пакета,0.006840815862460621
следующее,0.006840815862460621
конституционных,0.006840815862460621
сложный,0.006840815862460621
получит,0.006840815862460621
обязанностей,0.006840815862460621
исследовательской,0.006840815862460621
потерять,0.006840815862460621
принимать,0.006840815862460621
сих,0.006840815862460621
ради,0.006840815862460621
общем,0.006840815862460621
почему,0.006840815862460621
парламентом,0.006840815862460621
культурно,0.006840815862460621
отечественного,0.006840815862460621
парламентариев,0.006840815862460621
крупных,0.006840815862460621
проблемам,0.006840815862460621
крупные,0.006840815862460621
отдельные,0.006840815862460621
программам,0.006840815862460621
кроме,0.006840815862460621
критически,0.006840815862460621
крайне,0.006840815862460621
коэффициент,0.006840815862460621
обществу,0.006840815862460621
общие,0.006840815862460621
иметь,0.006840815862460621
программой,0.006840815862460621
специальности,0.006840815862460621
примерно,0.006840815862460621
ограничения,0.006840815862460621
снижение,0.006840815862460621
огромная,0.006840815862460621
профессионального,0.006840815862460621
первичном,0.006840815862460621
каких,0.006840815862460621
прошлого,0.006840815862460621
интересы,0.006840815862460621
понимаю,0.006840815862460621
порядке,0.006840815862460621
принятии,0.006840815862460621
оценивать,0.006840815862460621
инфраструктуры,0.006840815862460621
иных,0.006840815862460621
соответствующих,0.006840815862460621
принятие,0.006840815862460621
понятно,0.006840815862460621
сможем,0.006840815862460621
соответствующий,0.006840815862460621
оплаты,0.006840815862460621
каждая,0.006840815862460621
кабинета,0.006840815862460621
определяет,0.006840815862460621
определять,0.006840815862460621
историю,0.006840815862460621
сообщество,0.006840815862460621
историческая,0.006840815862460621
исполнительной,0.006840815862460621
истории,0.006840815862460621
поправки,0.006840815862460621
современное,0.006840815862460621
кандидатуры,0.006840815862460621
прошлом,0.006840815862460621
капитала,0.006840815862460621
компания,0.006840815862460621
отношению,0.006840815862460621
опыт,0.006840815862460621
прямой,0.006840815862460621
прямое,0.006840815862460621
количество,0.006840815862460621
коем,0.006840815862460621
прямого,0.006840815862460621
продолжительность,0.006840815862460621
особой,0.006840815862460621
ключевой,0.006840815862460621
интересами,0.006840815862460621
собранием,0.006840815862460621
одну,0.006840815862460621
прирост,0.006840815862460621
особенности,0.006840815862460621
квалификации,0.006840815862460621
приоритетном,0.006840815862460621
советом,0.006840815862460621
советского,0.006840815862460621
основу,0.006840815862460621
касается,0.006840815862460621
принцип,0.006840815862460621
основных,0.006840815862460621
капиталу,0.006840815862460621
повышение,0.006840815862460621
серьезно,0.006840815862460621
первое,0.006840815862460621
обучение,0.006840815862460621
превышают,0.006840815862460621
мнению,0.006840815862460621
планов,0.006840815862460621
президентом,0.006840815862460621
нашим,0.006840815862460621
своевременно,0.006840815862460621
свободы,0.006840815862460621
подходы,0.006840815862460621
предложения,0.006840815862460621
изменить,0.006840815862460621
подумать,0.006840815862460621
наше,0.006840815862460621
можем,0.006840815862460621
начиная,0.006840815862460621
самым,0.006840815862460621
недостаточно,0.006840815862460621
позволяет,0.006840815862460621
преимущество,0.006840815862460621
минимум,0.006840815862460621
механизмы,0.006840815862460621
миллиардов,0.006840815862460621
миллиона,0.006840815862460621
питание,0.006840815862460621
ниже,0.006840815862460621
правовые,0.006840815862460621
показатель,0.006840815862460621
необходимости,0.006840815862460621
реальных,0.006840815862460621
мира,0.006840815862460621
несут,0.006840815862460621
несмотря,0.006840815862460621
мировых,0.006840815862460621
питанием,0.006840815862460621
самый,0.006840815862460621
результатов,0.006840815862460621
самые,0.006840815862460621
называемые,0.006840815862460621
победы,0.006840815862460621
назначение,0.006840815862460621
россию,0.006840815862460621
решить,0.006840815862460621
например,0.006840815862460621
российского,0.006840815862460621
подать,0.006840815862460621
рост,0.006840815862460621
называемых,0.006840815862460621
рождений,0.006840815862460621
направление,0.006840815862460621
напомню,0.006840815862460621
родители,0.006840815862460621
налоговые,0.006840815862460621
решению,0.006840815862460621
назад,0.006840815862460621
мониторинга,0.006840815862460621
национальных,0.006840815862460621
начале,0.006840815862460621
самое,0.006840815862460621
самого,0.006840815862460621
провести,0.006840815862460621
сами,0.006840815862460621
ряде,0.006840815862460621
предложил,0.006840815862460621
предоставляться,0.006840815862460621
предоставлять,0.006840815862460621
национальную,0.006840815862460621
национальном,0.006840815862460621
национальной,0.006840815862460621
руководство,0.006840815862460621
наций,0.006840815862460621
месяц,0.006840815862460621
реального,0.006840815862460621
сделает,0.006840815862460621
людях,0.006840815862460621
рождаемости,0.006840815862460621
полномочий,0.006840815862460621
полном,0.006840815862460621
полной,0.006840815862460621
образование,0.006840815862460621
размере,0.006840815862460621
оборудовать,0.006840815862460621
сети,0.006840815862460621
максимально,0.006840815862460621
оборудование,0.006840815862460621
разному,0.006840815862460621
обновление,0.006840815862460621
малого,0.006840815862460621
политической,0.006840815862460621
серьезные,0.006840815862460621
сеть,0.006840815862460621
семи,0.006840815862460621
системе,0.006840815862460621
половина,0.006840815862460621
обсуждение,0.006840815862460621
ситуацией,0.006840815862460621
развиваться,0.006840815862460621
полный,0.006840815862460621
полномочия,0.006840815862460621
лицам,0.006840815862460621
силовых,0.006840815862460621
развитием,0.006840815862460621
сильной,0.006840815862460621
первых,0.006840815862460621
логика,0.006840815862460621
обращаюсь,0.006840815862460621
лучше,0.006840815862460621
семье,0.006840815862460621
маме,0.006840815862460621
местного,0.006840815862460621
поколениям,0.006840815862460621
менять,0.006840815862460621
правда,0.006840815862460621
новом,0.006840815862460621
переходить,0.006840815862460621
себе,0.006840815862460621
расходы,0.006840815862460621
мер,0.006840815862460621
полагаю,0.006840815862460621
мера,0.006840815862460621
мере,0.006840815862460621
расширять,0.006840815862460621
реализации,0.006840815862460621
низкими,0.006840815862460621
местах,0.006840815862460621
новый,0.006840815862460621
полагают,0.006840815862460621
разных,0.006840815862460621
обеспечены,0.006840815862460621
препаратов,0.006840815862460621
разрешения,0.006840815862460621
селах,0.006840815862460621
сектора,0.006840815862460621
политических,0.006840815862460621
разумеется,0.006840815862460621
материнскому,0.006840815862460621
международных,0.006840815862460621
материнства,0.006840815862460621
политические,0.006840815862460621
появляется,0.006840815862460621
прав,0.006840815862460621
нормой,0.006840815862460621
рассмотрение,0.006840815862460621
само,0.006840815862460621
11,0.006840815862460621
сферы,0.006840815862460621
цифры,0.006840815862460621
быстро,0.006840815862460621
городах,0.006840815862460621
забывать,0.006840815862460621
бюджетной,0.006840815862460621
федеральным,0.006840815862460621
строительства,0.006840815862460621
строительстве,0.006840815862460621
жительство,0.006840815862460621
городов,0.006840815862460621
горячее,0.006840815862460621
горячим,0.006840815862460621
бюджетных,0.006840815862460621
возможным,0.006840815862460621
государственные,0.006840815862460621
быстрее,0.006840815862460621
государственный,0.006840815862460621
субъекте,0.006840815862460621
суверенитет,0.006840815862460621
воздуха,0.006840815862460621
суверенитета,0.006840815862460621
суда,0.006840815862460621
готовы,0.006840815862460621
гражданам,0.006840815862460621
естественный,0.006840815862460621
естественно,0.006840815862460621
гражданина,0.006840815862460621
ей,0.006840815862460621
ежемесячные,0.006840815862460621
завершить,0.006840815862460621
чего,0.006840815862460621
внутри,0.006840815862460621
говорят,0.006840815862460621
востоке,0.006840815862460621
благополучия,0.006840815862460621
чрезвычайно,0.006840815862460621
вопросов,0.006840815862460621
вопросах,0.006840815862460621
законопроектов,0.006840815862460621
члены,0.006840815862460621
законом,0.006840815862460621
удалось,0.006840815862460621
стоят,0.006840815862460621
стран,0.006840815862460621
говорю,0.006840815862460621
вообще,0.006840815862460621
год,0.006840815862460621
буквально,0.006840815862460621
законов,0.006840815862460621
четвертое,0.006840815862460621
законности,0.006840815862460621
годов,0.006840815862460621
большой,0.006840815862460621
законе,0.006840815862460621
закона,0.006840815862460621
волю,0.006840815862460621
вокруг,0.006840815862460621
войне,0.006840815862460621
задача,0.006840815862460621
человеку,0.006840815862460621
гораздо,0.006840815862460621
ежегодно,0.006840815862460621
единство,0.006840815862460621
вот,0.006840815862460621
темпы,0.006840815862460621
такое,0.006840815862460621
такую,0.006840815862460621
долг,0.006840815862460621
ветвями,0.006840815862460621
творчества,0.006840815862460621
дела,0.006840815862460621
взаимодействие,0.006840815862460621
традиций,0.006840815862460621
делать,0.006840815862460621
целевое,0.006840815862460621
хуже,0.006840815862460621
дело,0.006840815862460621
той,0.006840815862460621
хотя,0.006840815862460621
целей,0.006840815862460621
включительно,0.006840815862460621
внедрить,0.006840815862460621
деньги,0.006840815862460621
территорий,0.006840815862460621
фундамент,0.006840815862460621
динамично,0.006840815862460621
детях,0.006840815862460621
детских,0.006840815862460621
хватает,0.006840815862460621
депутаты,0.006840815862460621
дети,0.006840815862460621
технологии,0.006840815862460621
технологического,0.006840815862460621
таких,0.006840815862460621
таким,0.006840815862460621
ваше,0.006840815862460621
формирование,0.006840815862460621
европейских,0.006840815862460621
трудно,0.006840815862460621
думе,0.006840815862460621
дали,0.006840815862460621
труд,0.006840815862460621
дальнейшего,0.006840815862460621
дальше,0.006840815862460621
судьи,0.006840815862460621
другом,0.006840815862460621
третьего,0.006840815862460621
века,0.006840815862460621
другим,0.006840815862460621
существенно,0.006840815862460621
два,0.006840815862460621
таки,0.006840815862460621
ценностей,0.006840815862460621
доступность,0.006840815862460621
достойной,0.006840815862460621
достойного,0.006840815862460621
движение,0.006840815862460621
достоинство,0.006840815862460621
достижению,0.006840815862460621
двух,0.006840815862460621
устойчивости,0.006840815862460621
сформировать,0.006840815862460621
требование,0.006840815862460621
достаточно,0.006840815862460621
действовать,0.006840815862460621
чувствовать,0.006840815862460621
технологий,0.006840815862460621
экономических,0.006840815862460621
стандарты,0.006840815862460621
всему,0.006840815862460621
затем,0.006840815862460621
выплачивать,0.006840815862460621
значимых,0.006840815862460621
является,0.006840815862460621
установить,0.006840815862460621
выше,0.006840815862460621
гарантии,0.006840815862460621
звене,0.006840815862460621
экономике,0.006840815862460621
запущена,0.006840815862460621
станут,0.006840815862460621
знают,0.006840815862460621
экономические,0.006840815862460621
запустить,0.006840815862460621
безопасность,0.006840815862460621
второй,0.006840815862460621
второе,0.006840815862460621
бедности,0.006840815862460621
высшего,0.006840815862460621
участия,0.006840815862460621
2019,0.006840815862460621
выбросов,0.006840815862460621
25,0.006840815862460621
участием,0.006840815862460621
всяких,0.006840815862460621
уровней,0.006840815862460621
школа,0.006840815862460621
школ,0.006840815862460621
этапе,0.006840815862460621
эффективность,0.006840815862460621
широкое,0.006840815862460621
защитить,0.006840815862460621
зачастую,0.006840815862460621
выделили,0.006840815862460621
времени,0.006840815862460621
эффективно,0.006840815862460621
гарантируют,0.006840815862460621
xxi,0.006840815862460621
80,0.006840815862460621
статью,0.006840815862460621
616,0.006840815862460621
бесплатное,0.006840815862460621
усилия,0.006840815862460621
шаги,0.006840815862460621
бесплатным,0.006840815862460621
справедливо,0.006840815862460621
вузы,0.006840815862460621
знаем,0.006840815862460621
идеи,0.006840815862460621
способны,0.006840815862460621
вправе,0.006840815862460621
15,0.006840815862460621
устойчивость,0.006840815862460621
70,0.006840815862460621
ясли,0.006840815862460621
учеников,0.006840815862460621
устойчивый,0.006840815862460621
стабильного,0.006840815862460621
заняться,0.006840815862460621
статус,0.006840815862460621
безусловным,0.006840815862460621
старшим,0.006840815862460621
занятий,0.006840815862460621
срок,0.006840815862460621
вредных,0.006840815862460621
16,0.006840815862460621
вузов,0.006840815862460621
прокормить,0.0034204079312303106
прокуратуры,0.0034204079312303106
прокуроров,0.0034204079312303106
разниться,0.0034204079312303106
форсировать,0.0034204079312303106
формироваться,0.0034204079312303106
прорыва,0.0034204079312303106
промышленности,0.0034204079312303106
утратой,0.0034204079312303106
прорывные,0.0034204079312303106
прокурора,0.0034204079312303106
форме,0.0034204079312303106
размытые,0.0034204079312303106
утверждены,0.0034204079312303106
утилизации,0.0034204079312303106
размещенная,0.0034204079312303106
прокурор,0.0034204079312303106
размещены,0.0034204079312303106
работников,0.0034204079312303106
прозвучали,0.0034204079312303106
фотоматериалов,0.0034204079312303106
разрыв,0.0034204079312303106
устроить,0.0034204079312303106
фронт,0.0034204079312303106
устранению,0.0034204079312303106
проживать,0.0034204079312303106
проживании,0.0034204079312303106
районах,0.0034204079312303106
районные,0.0034204079312303106
райцентры,0.0034204079312303106
ракетно,0.0034204079312303106
проживали,0.0034204079312303106
фундаментальные,0.0034204079312303106
фундаментальных,0.0034204079312303106
функции,0.0034204079312303106
функция,0.0034204079312303106
характера,0.0034204079312303106
проекте,0.0034204079312303106
ранее,0.0034204079312303106
устройства,0.0034204079312303106
устройством,0.0034204079312303106
разницу,0.0034204079312303106
утверждение,0.0034204079312303106
производственных,0.0034204079312303106
производства,0.0034204079312303106
производители,0.0034204079312303106
производителей,0.0034204079312303106
прозрачных,0.0034204079312303106
разные,0.0034204079312303106
прозрачной,0.0034204079312303106
разным,0.0034204079312303106
утвержденные,0.0034204079312303106
разрабатывать,0.0034204079312303106
уход,0.0034204079312303106
разработки,0.0034204079312303106
прозвучавшие,0.0034204079312303106
прожиточных,0.0034204079312303106
разрешений,0.0034204079312303106
фракции,0.0034204079312303106
франции,0.0034204079312303106
фонда,0.0034204079312303106
финансовые,0.0034204079312303106
размера,0.0034204079312303106
федеральное,0.0034204079312303106
публичной,0.0034204079312303106
рабочих,0.0034204079312303106
равную,0.0034204079312303106
публичное,0.0034204079312303106
фармпредприятиях,0.0034204079312303106
проектах,0.0034204079312303106
учебные,0.0034204079312303106
федеральная,0.0034204079312303106
равные,0.0034204079312303106
учебной,0.0034204079312303106
федеральной,0.0034204079312303106
равных,0.0034204079312303106
учебном,0.0034204079312303106
федеральном,0.0034204079312303106
прямая,0.0034204079312303106
проявить,0.0034204079312303106
проще,0.0034204079312303106
радость,0.0034204079312303106
пунктов,0.0034204079312303106
ученикам,0.0034204079312303106
фапов,0.0034204079312303106
пункту,0.0034204079312303106
работающую,0.0034204079312303106
учесть,0.0034204079312303106
ученых,0.0034204079312303106
учителей,0.0034204079312303106
учитель,0.0034204079312303106
учитывали,0.0034204079312303106
учитывать,0.0034204079312303106
учитывая,0.0034204079312303106
учтена,0.0034204079312303106
рабочие,0.0034204079312303106
факторов,0.0034204079312303106
ученый,0.0034204079312303106
факты,0.0034204079312303106
фапами,0.0034204079312303106
путь,0.0034204079312303106
путаницы,0.0034204079312303106
пусть,0.0034204079312303106
федеральный,0.0034204079312303106
прошлому,0.0034204079312303106
участвовать,0.0034204079312303106
противоречат,0.0034204079312303106
развитию,0.0034204079312303106
профессиональное,0.0034204079312303106
участвуют,0.0034204079312303106
финансовую,0.0034204079312303106
развитых,0.0034204079312303106
работодателей,0.0034204079312303106
профессионализм,0.0034204079312303106
противостояния,0.0034204079312303106
противопоставить,0.0034204079312303106
учатся,0.0034204079312303106
противоположные,0.0034204079312303106
разговор,0.0034204079312303106
проступков,0.0034204079312303106
пространство,0.0034204079312303106
разделенность,0.0034204079312303106
раздельный,0.0034204079312303106
пространстве,0.0034204079312303106
простой,0.0034204079312303106
развитии,0.0034204079312303106
финансирования,0.0034204079312303106
фиксированные,0.0034204079312303106
развиваются,0.0034204079312303106
разбираться,0.0034204079312303106
развертывание,0.0034204079312303106
участниками,0.0034204079312303106
фельдшеров,0.0034204079312303106
прошедшее,0.0034204079312303106
прочную,0.0034204079312303106
прочной,0.0034204079312303106
процессы,0.0034204079312303106
фельдшерско,0.0034204079312303106
фиксированной,0.0034204079312303106
процедуры,0.0034204079312303106
процедуру,0.0034204079312303106
развивается,0.0034204079312303106
проходит,0.0034204079312303106
участии,0.0034204079312303106
профицитным,0.0034204079312303106
профильном,0.0034204079312303106
прямую,0.0034204079312303106
спорта,0.0034204079312303106
проекта,0.0034204079312303106
превосходит,0.0034204079312303106
предложенных,0.0034204079312303106
предложенные,0.0034204079312303106
предложенной,0.0034204079312303106
предложение,0.0034204079312303106
шагов,0.0034204079312303106
предварительной,0.0034204079312303106
швейцарии,0.0034204079312303106
преград,0.0034204079312303106
шести,0.0034204079312303106
шестое,0.0034204079312303106
превысила,0.0034204079312303106
практику,0.0034204079312303106
предложить,0.0034204079312303106
практики,0.0034204079312303106
шесть,0.0034204079312303106
праздник,0.0034204079312303106
правоохранительных,0.0034204079312303106
правоохранительные,0.0034204079312303106
шире,0.0034204079312303106
правоохранительной,0.0034204079312303106
правовых,0.0034204079312303106
широкий,0.0034204079312303106
правовом,0.0034204079312303106
правового,0.0034204079312303106
чуть,0.0034204079312303106
предоставить,0.0034204079312303106
характерная,0.0034204079312303106
предприятий,0.0034204079312303106
предусмотренные,0.0034204079312303106
четвертый,0.0034204079312303106
представляться,0.0034204079312303106
представленные,0.0034204079312303106
четко,0.0034204079312303106
четыре,0.0034204079312303106
представительной,0.0034204079312303106
предсказуемо,0.0034204079312303106
чиновники,0.0034204079312303106
председатель,0.0034204079312303106
численности,0.0034204079312303106
членам,0.0034204079312303106
предоставлены,0.0034204079312303106
членов,0.0034204079312303106
предприняли,0.0034204079312303106
предпринимателям,0.0034204079312303106
предпринимателя,0.0034204079312303106
чтим,0.0034204079312303106
предприниматели,0.0034204079312303106
чувствительный,0.0034204079312303106
предпосылок,0.0034204079312303106
чувствительных,0.0034204079312303106
предоставляются,0.0034204079312303106
чувство,0.0034204079312303106
правительству,0.0034204079312303106
широкой,0.0034204079312303106
школьники,0.0034204079312303106
являются,0.0034204079312303106
поступления,0.0034204079312303106
поступлении,0.0034204079312303106
эффективное,0.0034204079312303106
эффективности,0.0034204079312303106
поступающих,0.0034204079312303106
эффективным,0.0034204079312303106
построить,0.0034204079312303106
юридическое,0.0034204079312303106
постоянном,0.0034204079312303106
постоянной,0.0034204079312303106
постоянная,0.0034204079312303106
явно,0.0034204079312303106
правильным,0.0034204079312303106
постановкой,0.0034204079312303106
поставками,0.0034204079312303106
ядерного,0.0034204079312303106
посмотрю,0.0034204079312303106
последующих,0.0034204079312303106
последующим,0.0034204079312303106
ядерных,0.0034204079312303106
последующего,0.0034204079312303106
последовательную,0.0034204079312303106
последовательной,0.0034204079312303106
последовательное,0.0034204079312303106
этим,0.0034204079312303106
этапах,0.0034204079312303106
потребует,0.0034204079312303106
потребуются,0.0034204079312303106
правилах,0.0034204079312303106
правду,0.0034204079312303106
школьных,0.0034204079312303106
шла,0.0034204079312303106
шли,0.0034204079312303106
эволюции,0.0034204079312303106
экологии,0.0034204079312303106
появляются,0.0034204079312303106
экологические,0.0034204079312303106
экологического,0.0034204079312303106
экологической,0.0034204079312303106
экономическом,0.0034204079312303106
экспериментальных,0.0034204079312303106
поэтапно,0.0034204079312303106
пошли,0.0034204079312303106
почтовые,0.0034204079312303106
экспорт,0.0034204079312303106
энергии,0.0034204079312303106
эпоху,0.0034204079312303106
почивать,0.0034204079312303106
почвы,0.0034204079312303106
потянут,0.0034204079312303106
потрясениями,0.0034204079312303106
предусмотренных,0.0034204079312303106
предусмотрено,0.0034204079312303106
предъявляться,0.0034204079312303106
приоритета,0.0034204079312303106
целого,0.0034204079312303106
приходящихся,0.0034204079312303106
приходили,0.0034204079312303106
приумножения,0.0034204079312303106
присутствующие,0.0034204079312303106
приступить,0.0034204079312303106
целостности,0.0034204079312303106
приоритеты,0.0034204079312303106
приоритетом,0.0034204079312303106
приоритетов,0.0034204079312303106
целый,0.0034204079312303106
приоритет,0.0034204079312303106
принципиально,0.0034204079312303106
принять,0.0034204079312303106
принятых,0.0034204079312303106
приняты,0.0034204079312303106
цель,0.0034204079312303106
принята,0.0034204079312303106
ценностной,0.0034204079312303106
ценностью,0.0034204079312303106
ценовая,0.0034204079312303106
принципиальным,0.0034204079312303106
принципиальный,0.0034204079312303106
централизованно,0.0034204079312303106
целиком,0.0034204079312303106
пришло,0.0034204079312303106
пробел,0.0034204079312303106
целесообразным,0.0034204079312303106
продуктов,0.0034204079312303106
продуктами,0.0034204079312303106
ход,0.0034204079312303106
продолжим,0.0034204079312303106
продлим,0.0034204079312303106
продвижения,0.0034204079312303106
прогрессивной,0.0034204079312303106
прогрессивного,0.0034204079312303106
ходе,0.0034204079312303106
ходят,0.0034204079312303106
хозяйства,0.0034204079312303106
хорошее,0.0034204079312303106
программных,0.0034204079312303106
хотят,0.0034204079312303106
хочется,0.0034204079312303106
целевой,0.0034204079312303106
прогнозы,0.0034204079312303106
проводить,0.0034204079312303106
проводит,0.0034204079312303106
проверять,0.0034204079312303106
проблемах,0.0034204079312303106
проблемами,0.0034204079312303106
целевыми,0.0034204079312303106
принципиальность,0.0034204079312303106
центрального,0.0034204079312303106
четверти,0.0034204079312303106
преодолеет,0.0034204079312303106
цифровым,0.0034204079312303106
цифровых,0.0034204079312303106
претендующим,0.0034204079312303106
преступное,0.0034204079312303106
престиж,0.0034204079312303106
пресс,0.0034204079312303106
преследованием,0.0034204079312303106
пресечения,0.0034204079312303106
препятствий,0.0034204079312303106
преподавателей,0.0034204079312303106
препараты,0.0034204079312303106
частью,0.0034204079312303106
принципах,0.0034204079312303106
премьеров,0.0034204079312303106
прекращаются,0.0034204079312303106
прекрасно,0.0034204079312303106
преимуществом,0.0034204079312303106
президентской,0.0034204079312303106
человеческий,0.0034204079312303106
человечества,0.0034204079312303106
человечество,0.0034204079312303106
прежние,0.0034204079312303106
честь,0.0034204079312303106
предыдущие,0.0034204079312303106
прибавляется,0.0034204079312303106
цифровую,0.0034204079312303106
прибыль,0.0034204079312303106
привести,0.0034204079312303106
центрами,0.0034204079312303106
принимающим,0.0034204079312303106
цены,0.0034204079312303106
принимаемых,0.0034204079312303106
принадлежит,0.0034204079312303106
цикл,0.0034204079312303106
примера,0.0034204079312303106
пример,0.0034204079312303106
цикла,0.0034204079312303106
цифрам,0.0034204079312303106
применения,0.0034204079312303106
применение,0.0034204079312303106
применен,0.0034204079312303106
приличными,0.0034204079312303106
призван,0.0034204079312303106
цифрового,0.0034204079312303106
прием,0.0034204079312303106
цифровой,0.0034204079312303106
придется,0.0034204079312303106
придать,0.0034204079312303106
приводить,0.0034204079312303106
приводит,0.0034204079312303106
привлечения,0.0034204079312303106
раньше,0.0034204079312303106
регионами,0.0034204079312303106
раскрыли,0.0034204079312303106
семейную,0.0034204079312303106
службы,0.0034204079312303106
служат,0.0034204079312303106
странах,0.0034204079312303106
сложным,0.0034204079312303106
страной,0.0034204079312303106
сложную,0.0034204079312303106
страну,0.0034204079312303106
стратегии,0.0034204079312303106
стремимся,0.0034204079312303106
стремительно,0.0034204079312303106
сложно,0.0034204079312303106
стремление,0.0034204079312303106
сложившейся,0.0034204079312303106
словом,0.0034204079312303106
слово,0.0034204079312303106
слова,0.0034204079312303106
следящая,0.0034204079312303106
следующий,0.0034204079312303106
стремятся,0.0034204079312303106
строгие,0.0034204079312303106
следующего,0.0034204079312303106
следует,0.0034204079312303106
строго,0.0034204079312303106
строить,0.0034204079312303106
стройную,0.0034204079312303106
служебное,0.0034204079312303106
служении,0.0034204079312303106
служит,0.0034204079312303106
снизить,0.0034204079312303106
собрать,0.0034204079312303106
стоим,0.0034204079312303106
стоимости,0.0034204079312303106
собрание,0.0034204079312303106
стоит,0.0034204079312303106
соблюдаться,0.0034204079312303106
соблазн,0.0034204079312303106
столице,0.0034204079312303106
столовые,0.0034204079312303106
снимают,0.0034204079312303106
столько,0.0034204079312303106
стопроцентное,0.0034204079312303106
случайно,0.0034204079312303106
сторонников,0.0034204079312303106
снабжения,0.0034204079312303106
смотрелась,0.0034204079312303106
стоящих,0.0034204079312303106
сможет,0.0034204079312303106
смертности,0.0034204079312303106
сменяемость,0.0034204079312303106
смелых,0.0034204079312303106
смелые,0.0034204079312303106
смежные,0.0034204079312303106
случаях,0.0034204079312303106
строя,0.0034204079312303106
слава,0.0034204079312303106
слабое,0.0034204079312303106
суммарный,0.0034204079312303106
сильную,0.0034204079312303106
судьбу,0.0034204079312303106
силы,0.0034204079312303106
силу,0.0034204079312303106
судьбы,0.0034204079312303106
силами,0.0034204079312303106
сидящие,0.0034204079312303106
сибири,0.0034204079312303106
сетях,0.0034204079312303106
судят,0.0034204079312303106
серьезный,0.0034204079312303106
середины,0.0034204079312303106
систем,0.0034204079312303106
существенная,0.0034204079312303106
существенного,0.0034204079312303106
существенных,0.0034204079312303106
сервисам,0.0034204079312303106
существования,0.0034204079312303106
семьях,0.0034204079312303106
семьям,0.0034204079312303106
существовать,0.0034204079312303106
существующие,0.0034204079312303106
существующим,0.0034204079312303106
семью,0.0034204079312303106
сильными,0.0034204079312303106
судьба,0.0034204079312303106
структурные,0.0034204079312303106
субъекта,0.0034204079312303106
скрывать,0.0034204079312303106
скромный,0.0034204079312303106
скорость,0.0034204079312303106
скоростной,0.0034204079312303106
студентам,0.0034204079312303106
студентов,0.0034204079312303106
скорой,0.0034204079312303106
сконцентрировать,0.0034204079312303106
студенты,0.0034204079312303106
скидкой,0.0034204079312303106
сквозной,0.0034204079312303106
субъекты,0.0034204079312303106
суды,0.0034204079312303106
сквозная,0.0034204079312303106
сказываться,0.0034204079312303106
сказывается,0.0034204079312303106
суверенное,0.0034204079312303106
скажем,0.0034204079312303106
судебная,0.0034204079312303106
судебной,0.0034204079312303106
ситуацию,0.0034204079312303106
ситуаций,0.0034204079312303106
судов,0.0034204079312303106
системой,0.0034204079312303106
собственно,0.0034204079312303106
собственного,0.0034204079312303106
собственные,0.0034204079312303106
составила,0.0034204079312303106
сотрудничества,0.0034204079312303106
сотрудники,0.0034204079312303106
состоянием,0.0034204079312303106
состояние,0.0034204079312303106
составят,0.0034204079312303106
составов,0.0034204079312303106
среднего,0.0034204079312303106
средняя,0.0034204079312303106
составлять,0.0034204079312303106
составит,0.0034204079312303106
среды,0.0034204079312303106
составил,0.0034204079312303106
сохранении,0.0034204079312303106
сосредоточиться,0.0034204079312303106
сроки,0.0034204079312303106
сроков,0.0034204079312303106
сосредоточили,0.0034204079312303106
стабилизация,0.0034204079312303106
сорванными,0.0034204079312303106
соприкасается,0.0034204079312303106
стабилизировалась,0.0034204079312303106
стабильно,0.0034204079312303106
соответствии,0.0034204079312303106
соответствие,0.0034204079312303106
сохранение,0.0034204079312303106
сохранения,0.0034204079312303106
сообща,0.0034204079312303106
справки,0.0034204079312303106
споров,0.0034204079312303106
способность,0.0034204079312303106
специальные,0.0034204079312303106
специальную,0.0034204079312303106
специальностям,0.0034204079312303106
справедливость,0.0034204079312303106
специалисты,0.0034204079312303106
специалистов,0.0034204079312303106
справедливую,0.0034204079312303106
справедливых,0.0034204079312303106
специалистах,0.0034204079312303106
специалистами,0.0034204079312303106
сохранены,0.0034204079312303106
специалиста,0.0034204079312303106
специализированной,0.0034204079312303106
спроваживать,0.0034204079312303106
спрос,0.0034204079312303106
социальном,0.0034204079312303106
сравнения,0.0034204079312303106
социально,0.0034204079312303106
социальная,0.0034204079312303106
сохраняться,0.0034204079312303106
сохранить,0.0034204079312303106
сохранился,0.0034204079312303106
сообщества,0.0034204079312303106
сокращение,0.0034204079312303106
собственных,0.0034204079312303106
совместные,0.0034204079312303106
станет,0.0034204079312303106
современными,0.0034204079312303106
современный,0.0034204079312303106
станции,0.0034204079312303106
современные,0.0034204079312303106
современную,0.0034204079312303106
стартапов,0.0034204079312303106
современная,0.0034204079312303106
совокупный,0.0034204079312303106
статуса,0.0034204079312303106
совмещать,0.0034204079312303106
совместно,0.0034204079312303106
согласие,0.0034204079312303106
статьями,0.0034204079312303106
советское,0.0034204079312303106
степени,0.0034204079312303106
последней,0.0034204079312303106
стимул,0.0034204079312303106
совете,0.0034204079312303106
стимулирования,0.0034204079312303106
стимулирующих,0.0034204079312303106
совет,0.0034204079312303106
совершения,0.0034204079312303106
события,0.0034204079312303106
стандартов,0.0034204079312303106
стало,0.0034204079312303106
созидательная,0.0034204079312303106
ставят,0.0034204079312303106
стабильности,0.0034204079312303106
созиданию,0.0034204079312303106
создают,0.0034204079312303106
стабильную,0.0034204079312303106
ставим,0.0034204079312303106
ставке,0.0034204079312303106
ставку,0.0034204079312303106
создано,0.0034204079312303106
создании,0.0034204079312303106
создание,0.0034204079312303106
создан,0.0034204079312303106
стажем,0.0034204079312303106
согласиться,0.0034204079312303106
создает,0.0034204079312303106
создавалась,0.0034204079312303106
содержательным,0.0034204079312303106
содержательную,0.0034204079312303106
содержание,0.0034204079312303106
содействие,0.0034204079312303106
стала,0.0034204079312303106
согласованию,0.0034204079312303106
согласование,0.0034204079312303106
стали,0.0034204079312303106
сталкиваются,0.0034204079312303106
сфера,0.0034204079312303106
сельского,0.0034204079312303106
раскрытие,0.0034204079312303106
селе,0.0034204079312303106
узкого,0.0034204079312303106
узурпированы,0.0034204079312303106
ук,0.0034204079312303106
указать,0.0034204079312303106
указах,0.0034204079312303106
укрепление,0.0034204079312303106
укреплении,0.0034204079312303106
укреплению,0.0034204079312303106
укрепления,0.0034204079312303106
результатам,0.0034204079312303106
укреплены,0.0034204079312303106
укрепляет,0.0034204079312303106
резервов,0.0034204079312303106
режимов,0.0034204079312303106
режиме,0.0034204079312303106
умышленно,0.0034204079312303106
универсального,0.0034204079312303106
редкостью,0.0034204079312303106
редко,0.0034204079312303106
регулярные,0.0034204079312303106
регулярную,0.0034204079312303106
университетов,0.0034204079312303106
регулярно,0.0034204079312303106
регулирование,0.0034204079312303106
регистр,0.0034204079312303106
узковедомственного,0.0034204079312303106
удобной,0.0034204079312303106
результатами,0.0034204079312303106
увидим,0.0034204079312303106
решении,0.0034204079312303106
увеличить,0.0034204079312303106
решением,0.0034204079312303106
уверенно,0.0034204079312303106
решают,0.0034204079312303106
решать,0.0034204079312303106
уверенного,0.0034204079312303106
реформу,0.0034204079312303106
уверенности,0.0034204079312303106
ресурсов,0.0034204079312303106
ресурсный,0.0034204079312303106
уголовного,0.0034204079312303106
удобнее,0.0034204079312303106
республикой,0.0034204079312303106
республики,0.0034204079312303106
уголовным,0.0034204079312303106
угрожаем,0.0034204079312303106
ремонта,0.0034204079312303106
результатом,0.0034204079312303106
угрозой,0.0034204079312303106
угрозу,0.0034204079312303106
результативности,0.0034204079312303106
результативной,0.0034204079312303106
результате,0.0034204079312303106
унижает,0.0034204079312303106
уникальном,0.0034204079312303106
упаковок,0.0034204079312303106
устанавливались,0.0034204079312303106
реагировать,0.0034204079312303106
успех,0.0034204079312303106
расширить,0.0034204079312303106
успешной,0.0034204079312303106
успешную,0.0034204079312303106
расширены,0.0034204079312303106
расширенной,0.0034204079312303106
успешными,0.0034204079312303106
расти,0.0034204079312303106
растет,0.0034204079312303106
рассчитана,0.0034204079312303106
установлением,0.0034204079312303106
реализацию,0.0034204079312303106
установленного,0.0034204079312303106
рассуждать,0.0034204079312303106
установленные,0.0034204079312303106
расслоения,0.0034204079312303106
расслабляться,0.0034204079312303106
распространить,0.0034204079312303106
устойчивое,0.0034204079312303106
распространили,0.0034204079312303106
распространении,0.0034204079312303106
расползаться,0.0034204079312303106
распада,0.0034204079312303106
услугу,0.0034204079312303106
услуги,0.0034204079312303106
упоминал,0.0034204079312303106
ребенку,0.0034204079312303106
способностей,0.0034204079312303106
управления,0.0034204079312303106
региональных,0.0034204079312303106
региональным,0.0034204079312303106
урала,0.0034204079312303106
региональной,0.0034204079312303106
уровень,0.0034204079312303106
региона,0.0034204079312303106
ребятишки,0.0034204079312303106
ребята,0.0034204079312303106
уровни,0.0034204079312303106
уровню,0.0034204079312303106
реализовать,0.0034204079312303106
уровнями,0.0034204079312303106
ребенком,0.0034204079312303106
усилен,0.0034204079312303106
усилить,0.0034204079312303106
реальные,0.0034204079312303106
реальную,0.0034204079312303106
реальное,0.0034204079312303106
условие,0.0034204079312303106
усложняются,0.0034204079312303106
реально,0.0034204079312303106
услуг,0.0034204079312303106
решений,0.0034204079312303106
решены,0.0034204079312303106
увеличенном,0.0034204079312303106
техническая,0.0034204079312303106
темы,0.0034204079312303106
территориальный,0.0034204079312303106
связывает,0.0034204079312303106
территориальным,0.0034204079312303106
территорией,0.0034204079312303106
терроризма,0.0034204079312303106
связаны,0.0034204079312303106
теряют,0.0034204079312303106
связанная,0.0034204079312303106
свыше,0.0034204079312303106
техникой,0.0034204079312303106
техническим,0.0034204079312303106
связь,0.0034204079312303106
технических,0.0034204079312303106
своем,0.0034204079312303106
своего,0.0034204079312303106
технологические,0.0034204079312303106
своевременную,0.0034204079312303106
технологиях,0.0034204079312303106
свое,0.0034204079312303106
течение,0.0034204079312303106
свободу,0.0034204079312303106
свобод,0.0034204079312303106
свидетельствующих,0.0034204079312303106
тему,0.0034204079312303106
святой,0.0034204079312303106
сбоев,0.0034204079312303106
такими,0.0034204079312303106
сформировали,0.0034204079312303106
сходу,0.0034204079312303106
счастье,0.0034204079312303106
счете,0.0034204079312303106
седьмое,0.0034204079312303106
сегодняшнем,0.0034204079312303106
сегодняшнее,0.0034204079312303106
считаться,0.0034204079312303106
северном,0.0034204079312303106
съехать,0.0034204079312303106
северной,0.0034204079312303106
талантливые,0.0034204079312303106
теми,0.0034204079312303106
сделают,0.0034204079312303106
талантливых,0.0034204079312303106
там,0.0034204079312303106
сделаны,0.0034204079312303106
те,0.0034204079312303106
сделали,0.0034204079312303106
текущем,0.0034204079312303106
телевидением,0.0034204079312303106
телевидения,0.0034204079312303106
сделаем,0.0034204079312303106
теме,0.0034204079312303106
сбор,0.0034204079312303106
товаров,0.0034204079312303106
риск,0.0034204079312303106
рождение,0.0034204079312303106
российское,0.0034204079312303106
российских,0.0034204079312303106
трудностями,0.0034204079312303106
трудоспособного,0.0034204079312303106
трудоустройства,0.0034204079312303106
трудоустройстве,0.0034204079312303106
трудоустройство,0.0034204079312303106
рождения,0.0034204079312303106
рождению,0.0034204079312303106
ту,0.0034204079312303106
туда,0.0034204079312303106
туризма,0.0034204079312303106
третьему,0.0034204079312303106
родится,0.0034204079312303106
тяжелого,0.0034204079312303106
родителя,0.0034204079312303106
тяжелым,0.0034204079312303106
родителей,0.0034204079312303106
убирают,0.0034204079312303106
родине,0.0034204079312303106
уважение,0.0034204079312303106
рода,0.0034204079312303106
рискам,0.0034204079312303106
увеличение,0.0034204079312303106
трехлетнюю,0.0034204079312303106
третье,0.0034204079312303106
сбережения,0.0034204079312303106
трафик,0.0034204079312303106
товары,0.0034204079312303106
тому,0.0034204079312303106
точки,0.0034204079312303106
саму,0.0034204079312303106
трансформации,0.0034204079312303106
самоуправления,0.0034204079312303106
самостоятельность,0.0034204079312303106
самом,0.0034204079312303106
самой,0.0034204079312303106
трансформацию,0.0034204079312303106
тратить,0.0034204079312303106
сам,0.0034204079312303106
росте,0.0034204079312303106
сад,0.0034204079312303106
требовательным,0.0034204079312303106
ряда,0.0034204079312303106
рынок,0.0034204079312303106
руководствоваться,0.0034204079312303106
тремя,0.0034204079312303106
руководителям,0.0034204079312303106
руководитель,0.0034204079312303106
трети,0.0034204079312303106
руководителей,0.0034204079312303106
рубежный,0.0034204079312303106
советский,0.0034204079312303106
оснащения,0.0034204079312303106
послания,0.0034204079312303106
доступных,0.0034204079312303106
другие,0.0034204079312303106
другими,0.0034204079312303106
другого,0.0034204079312303106
другую,0.0034204079312303106
думает,0.0034204079312303106
думу,0.0034204079312303106
единой,0.0034204079312303106
единый,0.0034204079312303106
единым,0.0034204079312303106
ежегодный,0.0034204079312303106
естественной,0.0034204079312303106
ехать,0.0034204079312303106
жаль,0.0034204079312303106
ждать,0.0034204079312303106
ждут,0.0034204079312303106
доходят,0.0034204079312303106
доступный,0.0034204079312303106
жесткие,0.0034204079312303106
доступные,0.0034204079312303106
допущений,0.0034204079312303106
дорогие,0.0034204079312303106
дослушайте,0.0034204079312303106
достаточном,0.0034204079312303106
достаточными,0.0034204079312303106
достать,0.0034204079312303106
достиг,0.0034204079312303106
достигли,0.0034204079312303106
достижение,0.0034204079312303106
достижении,0.0034204079312303106
достичь,0.0034204079312303106
достоинства,0.0034204079312303106
достойно,0.0034204079312303106
достойные,0.0034204079312303106
доступности,0.0034204079312303106
женщину,0.0034204079312303106
живописью,0.0034204079312303106
допускать,0.0034204079312303106
загрязнитель,0.0034204079312303106
задачу,0.0034204079312303106
задают,0.0034204079312303106
задумывался,0.0034204079312303106
заинтересованными,0.0034204079312303106
заключается,0.0034204079312303106
заключенных,0.0034204079312303106
законодательного,0.0034204079312303106
законодательной,0.0034204079312303106
законодательные,0.0034204079312303106
законодательным,0.0034204079312303106
законодательством,0.0034204079312303106
законодательству,0.0034204079312303106
законы,0.0034204079312303106
закреплять,0.0034204079312303106
закупке,0.0034204079312303106
заданные,0.0034204079312303106
загрязнения,0.0034204079312303106
живут,0.0034204079312303106
зависимости,0.0034204079312303106
живую,0.0034204079312303106
жизненно,0.0034204079312303106
жизненной,0.0034204079312303106
жизненных,0.0034204079312303106
жизнью,0.0034204079312303106
жил,0.0034204079312303106
жилищного,0.0034204079312303106
жилищной,0.0034204079312303106
жилищных,0.0034204079312303106
жилье,0.0034204079312303106
жить,0.0034204079312303106
забот,0.0034204079312303106
забота,0.0034204079312303106
заведения,0.0034204079312303106
заверить,0.0034204079312303106
допустить,0.0034204079312303106
дополнительных,0.0034204079312303106
давления,0.0034204079312303106
делаем,0.0034204079312303106
делалось,0.0034204079312303106
деловые,0.0034204079312303106
демографический,0.0034204079312303106
демографических,0.0034204079312303106
демографическое,0.0034204079312303106
демографической,0.0034204079312303106
демографическому,0.0034204079312303106
демография,0.0034204079312303106
день,0.0034204079312303106
деньгах,0.0034204079312303106
депутатам,0.0034204079312303106
депутатов,0.0034204079312303106
держав,0.0034204079312303106
державы,0.0034204079312303106
держать,0.0034204079312303106
делается,0.0034204079312303106
дел,0.0034204079312303106
десятки,0.0034204079312303106
действующие,0.0034204079312303106
дальнего,0.0034204079312303106
дальнем,0.0034204079312303106
данных,0.0034204079312303106
дань,0.0034204079312303106
даст,0.0034204079312303106
дать,0.0034204079312303106
дают,0.0034204079312303106
две,0.0034204079312303106
двигаться,0.0034204079312303106
двузначная,0.0034204079312303106
девяноста,0.0034204079312303106
действий,0.0034204079312303106
действиям,0.0034204079312303106
действующего,0.0034204079312303106
действующей,0.0034204079312303106
десятилетию,0.0034204079312303106
детский,0.0034204079312303106
дополнительный,0.0034204079312303106
договаривались,0.0034204079312303106
договоров,0.0034204079312303106
догоняем,0.0034204079312303106
доказательство,0.0034204079312303106
доказать,0.0034204079312303106
документ,0.0034204079312303106
документов,0.0034204079312303106
долгосрочную,0.0034204079312303106
должностных,0.0034204079312303106
доли,0.0034204079312303106
долю,0.0034204079312303106
дома,0.0034204079312303106
доморощенной,0.0034204079312303106
доплату,0.0034204079312303106
дополнительно,0.0034204079312303106
дополнительного,0.0034204079312303106
договорились,0.0034204079312303106
доверия,0.0034204079312303106
детского,0.0034204079312303106
доверить,0.0034204079312303106
детства,0.0034204079312303106
дефицитным,0.0034204079312303106
диалога,0.0034204079312303106
динамику,0.0034204079312303106
дискуссии,0.0034204079312303106
дискуссий,0.0034204079312303106
дискуссию,0.0034204079312303106
дистанционно,0.0034204079312303106
длинные,0.0034204079312303106
дни,0.0034204079312303106
добавлю,0.0034204079312303106
добиваться,0.0034204079312303106
добиться,0.0034204079312303106
добрая,0.0034204079312303106
доверие,0.0034204079312303106
закупки,0.0034204079312303106
заместителей,0.0034204079312303106
заместители,0.0034204079312303106
ипотека,0.0034204079312303106
ипотечного,0.0034204079312303106
искать,0.0034204079312303106
искусств,0.0034204079312303106
искусственном,0.0034204079312303106
исполнением,0.0034204079312303106
исполнения,0.0034204079312303106
исполнится,0.0034204079312303106
исполняться,0.0034204079312303106
использование,0.0034204079312303106
используют,0.0034204079312303106
исследования,0.0034204079312303106
исследователям,0.0034204079312303106
исторические,0.0034204079312303106
исторический,0.0034204079312303106
исторических,0.0034204079312303106
ипотеки,0.0034204079312303106
иные,0.0034204079312303106
историческую,0.0034204079312303106
инфраструктурные,0.0034204079312303106
инновации,0.0034204079312303106
инновационного,0.0034204079312303106
инновационными,0.0034204079312303106
иногда,0.0034204079312303106
иной,0.0034204079312303106
иностранного,0.0034204079312303106
иностранное,0.0034204079312303106
инструментов,0.0034204079312303106
инструменты,0.0034204079312303106
интеллекте,0.0034204079312303106
интеллектуальный,0.0034204079312303106
интересов,0.0034204079312303106
интересует,0.0034204079312303106
интернета,0.0034204079312303106
интернету,0.0034204079312303106
исторического,0.0034204079312303106
источника,0.0034204079312303106
замечательно,0.0034204079312303106
капиталовложений,0.0034204079312303106
касаются,0.0034204079312303106
качестве,0.0034204079312303106
качественное,0.0034204079312303106
качественную,0.0034204079312303106
качественным,0.0034204079312303106
качественными,0.0034204079312303106
квалифицироваться,0.0034204079312303106
квартиры,0.0034204079312303106
квотировании,0.0034204079312303106
квоты,0.0034204079312303106
кем,0.0034204079312303106
километров,0.0034204079312303106
кино,0.0034204079312303106
кланами,0.0034204079312303106
класс,0.0034204079312303106
карьеру,0.0034204079312303106
канцтоваров,0.0034204079312303106
источниках,0.0034204079312303106
кандидатуре,0.0034204079312303106
источников,0.0034204079312303106
исходя,0.0034204079312303106
исчерпан,0.0034204079312303106
июля,0.0034204079312303106
кавказе,0.0034204079312303106
кадров,0.0034204079312303106
каждодневная,0.0034204079312303106
каждому,0.0034204079312303106
каждым,0.0034204079312303106
кажется,0.0034204079312303106
казалось,0.0034204079312303106
каким,0.0034204079312303106
какого,0.0034204079312303106
какой,0.0034204079312303106
каком,0.0034204079312303106
инициативы,0.0034204079312303106
инициативе,0.0034204079312303106
инициатива,0.0034204079312303106
затрагивающие,0.0034204079312303106
зафиксированы,0.0034204079312303106
защите,0.0034204079312303106
защиты,0.0034204079312303106
защищать,0.0034204079312303106
защищенности,0.0034204079312303106
заявкам,0.0034204079312303106
заявление,0.0034204079312303106
заявленных,0.0034204079312303106
звена,0.0034204079312303106
звено,0.0034204079312303106
звучит,0.0034204079312303106
здорового,0.0034204079312303106
здоровое,0.0034204079312303106
здоровье,0.0034204079312303106
здоровья,0.0034204079312303106
затронет,0.0034204079312303106
затрагивают,0.0034204079312303106
инженеров,0.0034204079312303106
зарубежных,0.0034204079312303106
замкнутого,0.0034204079312303106
замов,0.0034204079312303106
занимает,0.0034204079312303106
занимать,0.0034204079312303106
занимают,0.0034204079312303106
заострял,0.0034204079312303106
запрос,0.0034204079312303106
запросам,0.0034204079312303106
запросы,0.0034204079312303106
запустили,0.0034204079312303106
запутанность,0.0034204079312303106
заработать,0.0034204079312303106
заработной,0.0034204079312303106
зараза,0.0034204079312303106
зарплат,0.0034204079312303106
знакомятся,0.0034204079312303106
знания,0.0034204079312303106
знаниях,0.0034204079312303106
значим,0.0034204079312303106
имели,0.0034204079312303106
имеют,0.0034204079312303106
ими,0.0034204079312303106
импортеры,0.0034204079312303106
имя,0.0034204079312303106
инвестиционного,0.0034204079312303106
инвесторам,0.0034204079312303106
индексации,0.0034204079312303106
индексацию,0.0034204079312303106
индексироваться,0.0034204079312303106
индивидуального,0.0034204079312303106
индивидуальной,0.0034204079312303106
индивидуальные,0.0034204079312303106
инженерам,0.0034204079312303106
инженерных,0.0034204079312303106
им,0.0034204079312303106
изначально,0.0034204079312303106
изменится,0.0034204079312303106
зрелости,0.0034204079312303106
значима,0.0034204079312303106
значимую,0.0034204079312303106
значимый,0.0034204079312303106
значимым,0.0034204079312303106
значительной,0.0034204079312303106
значительных,0.0034204079312303106
зрелым,0.0034204079312303106
изменим,0.0034204079312303106
зрения,0.0034204079312303106
зыбким,0.0034204079312303106
играет,0.0034204079312303106
играли,0.0034204079312303106
избирателей,0.0034204079312303106
изменилось,0.0034204079312303106
далеко,0.0034204079312303106
давайте,0.0034204079312303106
послании,0.0034204079312303106
бюджет,0.0034204079312303106
бюджеты,0.0034204079312303106
важнейшая,0.0034204079312303106
важнейший,0.0034204079312303106
важнейших,0.0034204079312303106
важные,0.0034204079312303106
важный,0.0034204079312303106
важными,0.0034204079312303106
важных,0.0034204079312303106
валюте,0.0034204079312303106
вами,0.0034204079312303106
ваша,0.0034204079312303106
ввести,0.0034204079312303106
ввозить,0.0034204079312303106
вдохновляет,0.0034204079312303106
ведомств,0.0034204079312303106
бюджетников,0.0034204079312303106
был,0.0034204079312303106
веке,0.0034204079312303106
буфеты,0.0034204079312303106
больных,0.0034204079312303106
большая,0.0034204079312303106
большего,0.0034204079312303106
большей,0.0034204079312303106
больших,0.0034204079312303106
большое,0.0034204079312303106
брать,0.0034204079312303106
браться,0.0034204079312303106
будто,0.0034204079312303106
буду,0.0034204079312303106
будущее,0.0034204079312303106
будущем,0.0034204079312303106
будущим,0.0034204079312303106
будущими,0.0034204079312303106
будущих,0.0034204079312303106
ведущим,0.0034204079312303106
великий,0.0034204079312303106
болеют,0.0034204079312303106
видами,0.0034204079312303106
вирусами,0.0034204079312303106
вице,0.0034204079312303106
вкладывать,0.0034204079312303106
включаться,0.0034204079312303106
властей,0.0034204079312303106
властные,0.0034204079312303106
власть,0.0034204079312303106
властями,0.0034204079312303106
влекут,0.0034204079312303106
влияние,0.0034204079312303106
вложения,0.0034204079312303106
вложить,0.0034204079312303106
вместо,0.0034204079312303106
вне,0.0034204079312303106
внедрения,0.0034204079312303106
вижу,0.0034204079312303106
вида,0.0034204079312303106
величие,0.0034204079312303106
вид,0.0034204079312303106
величия,0.0034204079312303106
венчурного,0.0034204079312303106
вернетесь,0.0034204079312303106
вернулась,0.0034204079312303106
вернуться,0.0034204079312303106
верховная,0.0034204079312303106
верховного,0.0034204079312303106
верховный,0.0034204079312303106
верю,0.0034204079312303106
весь,0.0034204079312303106
весьма,0.0034204079312303106
ветвей,0.0034204079312303106
взаимопомощи,0.0034204079312303106
взгляд,0.0034204079312303106
взрослой,0.0034204079312303106
больницы,0.0034204079312303106
боевые,0.0034204079312303106
губернаторов,0.0034204079312303106
210,0.0034204079312303106
300,0.0034204079312303106
37,0.0034204079312303106
40,0.0034204079312303106
450,0.0034204079312303106
466,0.0034204079312303106
550,0.0034204079312303106
73,0.0034204079312303106
77,0.0034204079312303106
78,0.0034204079312303106
абсолютно,0.0034204079312303106
абстрактных,0.0034204079312303106
австрии,0.0034204079312303106
автоматически,0.0034204079312303106
автомобильные,0.0034204079312303106
авторитета,0.0034204079312303106
255,0.0034204079312303106
21,0.0034204079312303106
активнее,0.0034204079312303106
2026,0.0034204079312303106
112,0.0034204079312303106
147,0.0034204079312303106
150,0.0034204079312303106
177,0.0034204079312303106
19,0.0034204079312303106
1943,0.0034204079312303106
1991,0.0034204079312303106
1993,0.0034204079312303106
1999,0.0034204079312303106
20,0.0034204079312303106
2006,0.0034204079312303106
2010,0.0034204079312303106
2012,0.0034204079312303106
2018,0.0034204079312303106
2023,0.0034204079312303106
автотрассы,0.0034204079312303106
активном,0.0034204079312303106
богу,0.0034204079312303106
безошибочного,0.0034204079312303106
бесплатно,0.0034204079312303106
бесплатного,0.0034204079312303106
бесплатный,0.0034204079312303106
беспристрастность,0.0034204079312303106
бизнес,0.0034204079312303106
благодарю,0.0034204079312303106
благодаря,0.0034204079312303106
благополучие,0.0034204079312303106
благополучную,0.0034204079312303106
благосостояния,0.0034204079312303106
ближайшие,0.0034204079312303106
ближе,0.0034204079312303106
ближнем,0.0034204079312303106
близких,0.0034204079312303106
близкого,0.0034204079312303106
безусловного,0.0034204079312303106
безо,0.0034204079312303106
активности,0.0034204079312303106
безвыходной,0.0034204079312303106
активным,0.0034204079312303106
акты,0.0034204079312303106
акушерских,0.0034204079312303106
амбиции,0.0034204079312303106
амбициозные,0.0034204079312303106
анализируя,0.0034204079312303106
аптечных,0.0034204079312303106
архивных,0.0034204079312303106
аспекты,0.0034204079312303106
атмосферу,0.0034204079312303106
африке,0.0034204079312303106
базой,0.0034204079312303106
баланса,0.0034204079312303106
банки,0.0034204079312303106
беда,0.0034204079312303106
внедряться,0.0034204079312303106
внес,0.0034204079312303106
внешнего,0.0034204079312303106
выступают,0.0034204079312303106
высшей,0.0034204079312303106
выходы,0.0034204079312303106
вычет,0.0034204079312303106
вычета,0.0034204079312303106
гарантировать,0.0034204079312303106
гарантирующую,0.0034204079312303106
гарантию,0.0034204079312303106
гармонии,0.0034204079312303106
гасит,0.0034204079312303106
генетике,0.0034204079312303106
героическому,0.0034204079312303106
гибкие,0.0034204079312303106
гибкий,0.0034204079312303106
гибко,0.0034204079312303106
гибкую,0.0034204079312303106
высшая,0.0034204079312303106
выстроить,0.0034204079312303106
главного,0.0034204079312303106
выстроенной,0.0034204079312303106
выработке,0.0034204079312303106
вырастут,0.0034204079312303106
выросла,0.0034204079312303106
выросли,0.0034204079312303106
выскажут,0.0034204079312303106
высказывания,0.0034204079312303106
высокая,0.0034204079312303106
высокие,0.0034204079312303106
высокий,0.0034204079312303106
высокое,0.0034204079312303106
высокоскоростной,0.0034204079312303106
высокотехнологичной,0.0034204079312303106
высокотехнологичный,0.0034204079312303106
высокую,0.0034204079312303106
выстраивая,0.0034204079312303106
главная,0.0034204079312303106
главном,0.0034204079312303106
внешнему,0.0034204079312303106
государств,0.0034204079312303106
государствах,0.0034204079312303106
государстве,0.0034204079312303106
государственном,0.0034204079312303106
государственную,0.0034204079312303106
государственным,0.0034204079312303106
государственными,0.0034204079312303106
госучастием,0.0034204079312303106
готова,0.0034204079312303106
готовность,0.0034204079312303106
готово,0.0034204079312303106
гражданами,0.0034204079312303106
гражданского,0.0034204079312303106
гражданства,0.0034204079312303106
гражданство,0.0034204079312303106
группы,0.0034204079312303106
государствам,0.0034204079312303106
госсовет,0.0034204079312303106
главным,0.0034204079312303106
городе,0.0034204079312303106
главой,0.0034204079312303106
главу,0.0034204079312303106
глобального,0.0034204079312303106
глобальной,0.0034204079312303106
го,0.0034204079312303106
говорили,0.0034204079312303106
говорит,0.0034204079312303106
говоря,0.0034204079312303106
годах,0.0034204079312303106
годовой,0.0034204079312303106
годовых,0.0034204079312303106
годом,0.0034204079312303106
голосование,0.0034204079312303106
гордимся,0.0034204079312303106
горизонт,0.0034204079312303106
выработать,0.0034204079312303106
выпускников,0.0034204079312303106
выпускникам,0.0034204079312303106
возрастов,0.0034204079312303106
возросло,0.0034204079312303106
волнующий,0.0034204079312303106
волонтерское,0.0034204079312303106
волонтеры,0.0034204079312303106
воля,0.0034204079312303106
вооруженного,0.0034204079312303106
вооруженными,0.0034204079312303106
воплощением,0.0034204079312303106
вопроса,0.0034204079312303106
вопросы,0.0034204079312303106
восемь,0.0034204079312303106
воспитанием,0.0034204079312303106
воспитатель,0.0034204079312303106
воспользовался,0.0034204079312303106
восприняли,0.0034204079312303106
возрожден,0.0034204079312303106
возрастают,0.0034204079312303106
выполнением,0.0034204079312303106
возрастает,0.0034204079312303106
внешний,0.0034204079312303106
внимательно,0.0034204079312303106
внукам,0.0034204079312303106
внутренней,0.0034204079312303106
внутренних,0.0034204079312303106
внутриполитического,0.0034204079312303106
вовсе,0.0034204079312303106
воды,0.0034204079312303106
военные,0.0034204079312303106
возможно,0.0034204079312303106
возможностей,0.0034204079312303106
возможностью,0.0034204079312303106
возможных,0.0034204079312303106
возникли,0.0034204079312303106
возражают,0.0034204079312303106
восстановили,0.0034204079312303106
востока,0.0034204079312303106
вплотную,0.0034204079312303106
вполне,0.0034204079312303106
выделяется,0.0034204079312303106
выделять,0.0034204079312303106
вызов,0.0034204079312303106
вызовами,0.0034204079312303106
вызовов,0.0034204079312303106
вызовы,0.0034204079312303106
вынести,0.0034204079312303106
вынужден,0.0034204079312303106
вынужденно,0.0034204079312303106
выпадающих,0.0034204079312303106
выписывать,0.0034204079312303106
выплат,0.0034204079312303106
выплате,0.0034204079312303106
выплату,0.0034204079312303106
выполнение,0.0034204079312303106
выдано,0.0034204079312303106
выбраться,0.0034204079312303106
выборе,0.0034204079312303106
всестороннюю,0.0034204079312303106
впредь,0.0034204079312303106
вранью,0.0034204079312303106
врачи,0.0034204079312303106
всем,0.0034204079312303106
всеми,0.0034204079312303106
всестороннее,0.0034204079312303106
встречаемся,0.0034204079312303106
выборах,0.0034204079312303106
встречных,0.0034204079312303106
вступили,0.0034204079312303106
вступить,0.0034204079312303106
вузах,0.0034204079312303106
выбирает,0.0034204079312303106
выбирать,0.0034204079312303106
класса,0.0034204079312303106
классное,0.0034204079312303106
классные,0.0034204079312303106
оружия,0.0034204079312303106
111,0.0034204079312303106
основ,0.0034204079312303106
основанная,0.0034204079312303106
основательницы,0.0034204079312303106
основном,0.0034204079312303106
основные,0.0034204079312303106
основы,0.0034204079312303106
особенность,0.0034204079312303106
особо,0.0034204079312303106
особую,0.0034204079312303106
осознания,0.0034204079312303106
оставались,0.0034204079312303106
остается,0.0034204079312303106
остались,0.0034204079312303106
остальные,0.0034204079312303106
осведомлен,0.0034204079312303106
оружие,0.0034204079312303106
остановиться,0.0034204079312303106
ориентиры,0.0034204079312303106
определенные,0.0034204079312303106
определенным,0.0034204079312303106
определить,0.0034204079312303106
определяют,0.0034204079312303106
определяющим,0.0034204079312303106
органами,0.0034204079312303106
организации,0.0034204079312303106
организаций,0.0034204079312303106
организация,0.0034204079312303106
организованное,0.0034204079312303106
организовать,0.0034204079312303106
органы,0.0034204079312303106
ординатуры,0.0034204079312303106
ориентира,0.0034204079312303106
ориентиром,0.0034204079312303106
остальных,0.0034204079312303106
острейшая,0.0034204079312303106
определению,0.0034204079312303106
отмечать,0.0034204079312303106
отношении,0.0034204079312303106
отношений,0.0034204079312303106
отработать,0.0034204079312303106
отражают,0.0034204079312303106
отражены,0.0034204079312303106
отремонтировать,0.0034204079312303106
отрешать,0.0034204079312303106
отрицательно,0.0034204079312303106
отстранять,0.0034204079312303106
отсутствии,0.0034204079312303106
отсюда,0.0034204079312303106
отходов,0.0034204079312303106
отцовства,0.0034204079312303106
официально,0.0034204079312303106
официального,0.0034204079312303106
отмечу,0.0034204079312303106
отметку,0.0034204079312303106
острейших,0.0034204079312303106
отличается,0.0034204079312303106
острых,0.0034204079312303106
осуществлялись,0.0034204079312303106
ответственное,0.0034204079312303106
ответственным,0.0034204079312303106
отвлеченных,0.0034204079312303106
отдавать,0.0034204079312303106
отечественным,0.0034204079312303106
отечественных,0.0034204079312303106
откладывали,0.0034204079312303106
откладывая,0.0034204079312303106
отклонить,0.0034204079312303106
открывая,0.0034204079312303106
открыта,0.0034204079312303106
открытии,0.0034204079312303106
отладить,0.0034204079312303106
определенное,0.0034204079312303106
оправданными,0.0034204079312303106
классный,0.0034204079312303106
общего,0.0034204079312303106
общения,0.0034204079312303106
общероссийский,0.0034204079312303106
общественные,0.0034204079312303106
общественный,0.0034204079312303106
общий,0.0034204079312303106
объединения,0.0034204079312303106
объединенных,0.0034204079312303106
объединяет,0.0034204079312303106
объединяют,0.0034204079312303106
объективность,0.0034204079312303106
объективные,0.0034204079312303106
объектов,0.0034204079312303106
объекты,0.0034204079312303106
объем,0.0034204079312303106
объемы,0.0034204079312303106
общей,0.0034204079312303106
обходы,0.0034204079312303106
обязан,0.0034204079312303106
обучению,0.0034204079312303106
образовании,0.0034204079312303106
образовательная,0.0034204079312303106
образовательную,0.0034204079312303106
образовательным,0.0034204079312303106
обратить,0.0034204079312303106
обратного,0.0034204079312303106
обращали,0.0034204079312303106
обращаясь,0.0034204079312303106
обращение,0.0034204079312303106
обращения,0.0034204079312303106
обстоит,0.0034204079312303106
обстоятельств,0.0034204079312303106
обсуждается,0.0034204079312303106
обсуждать,0.0034204079312303106
обучением,0.0034204079312303106
объявим,0.0034204079312303106
обязательные,0.0034204079312303106
оправданной,0.0034204079312303106
оказался,0.0034204079312303106
оказывать,0.0034204079312303106
оказывая,0.0034204079312303106
океана,0.0034204079312303106
окладов,0.0034204079312303106
около,0.0034204079312303106
окончательное,0.0034204079312303106
окружающей,0.0034204079312303106
окупаемые,0.0034204079312303106
олигархическими,0.0034204079312303106
олимпиад,0.0034204079312303106
оперативно,0.0034204079312303106
опираясь,0.0034204079312303106
оплачиваться,0.0034204079312303106
оплотом,0.0034204079312303106
опорой,0.0034204079312303106
оказывались,0.0034204079312303106
оказались,0.0034204079312303106
обязательств,0.0034204079312303106
означала,0.0034204079312303106
обязательства,0.0034204079312303106
обязательствам,0.0034204079312303106
оглашается,0.0034204079312303106
ограничивают,0.0034204079312303106
огромного,0.0034204079312303106
огромной,0.0034204079312303106
одинаковую,0.0034204079312303106
одиннадцати,0.0034204079312303106
одна,0.0034204079312303106
одно,0.0034204079312303106
одном,0.0034204079312303106
ожидаемая,0.0034204079312303106
ожидаемые,0.0034204079312303106
ожидания,0.0034204079312303106
ожидать,0.0034204079312303106
официальный,0.0034204079312303106
оформить,0.0034204079312303106
охват,0.0034204079312303106
позднее,0.0034204079312303106
позиции,0.0034204079312303106
позиций,0.0034204079312303106
позицию,0.0034204079312303106
поиска,0.0034204079312303106
поисковые,0.0034204079312303106
показал,0.0034204079312303106
показателем,0.0034204079312303106
показателям,0.0034204079312303106
показателях,0.0034204079312303106
показать,0.0034204079312303106
показывает,0.0034204079312303106
поколение,0.0034204079312303106
поколением,0.0034204079312303106
поколения,0.0034204079312303106
поколениями,0.0034204079312303106
позже,0.0034204079312303106
позволят,0.0034204079312303106
покрывают,0.0034204079312303106
позволяли,0.0034204079312303106
подлинные,0.0034204079312303106
поднимает,0.0034204079312303106
подобной,0.0034204079312303106
подотчетной,0.0034204079312303106
подпадали,0.0034204079312303106
подписания,0.0034204079312303106
подрастающих,0.0034204079312303106
подряд,0.0034204079312303106
подумал,0.0034204079312303106
подушки,0.0034204079312303106
подход,0.0034204079312303106
подходов,0.0034204079312303106
подчас,0.0034204079312303106
подчинения,0.0034204079312303106
позволит,0.0034204079312303106
покончили,0.0034204079312303106
полагалось,0.0034204079312303106
охватить,0.0034204079312303106
помещений,0.0034204079312303106
помню,0.0034204079312303106
понимаете,0.0034204079312303106
понимают,0.0034204079312303106
понятных,0.0034204079312303106
понять,0.0034204079312303106
поощрении,0.0034204079312303106
попасть,0.0034204079312303106
попыткам,0.0034204079312303106
попыток,0.0034204079312303106
порочащих,0.0034204079312303106
портал,0.0034204079312303106
порядка,0.0034204079312303106
поселках,0.0034204079312303106
поселке,0.0034204079312303106
посланием,0.0034204079312303106
помнить,0.0034204079312303106
получена,0.0034204079312303106
полигоны,0.0034204079312303106
получая,0.0034204079312303106
поликлиники,0.0034204079312303106
поликлинику,0.0034204079312303106
политики,0.0034204079312303106
политическую,0.0034204079312303106
полностью,0.0034204079312303106
полноценном,0.0034204079312303106
полноценную,0.0034204079312303106
половину,0.0034204079312303106
половины,0.0034204079312303106
положительных,0.0034204079312303106
полутонов,0.0034204079312303106
полутора,0.0034204079312303106
получает,0.0034204079312303106
получал,0.0034204079312303106
получателей,0.0034204079312303106
подключены,0.0034204079312303106
поддержке,0.0034204079312303106
поддерживать,0.0034204079312303106
парламентской,0.0034204079312303106
партий,0.0034204079312303106
партийных,0.0034204079312303106
партнерами,0.0034204079312303106
патриотических,0.0034204079312303106
педиатрия,0.0034204079312303106
пенсий,0.0034204079312303106
пенсионеров,0.0034204079312303106
пенсионного,0.0034204079312303106
первенца,0.0034204079312303106
первичного,0.0034204079312303106
первичное,0.0034204079312303106
первого,0.0034204079312303106
первом,0.0034204079312303106
первостепенное,0.0034204079312303106
первую,0.0034204079312303106
партии,0.0034204079312303106
парламентских,0.0034204079312303106
подготовиться,0.0034204079312303106
парламента,0.0034204079312303106
охране,0.0034204079312303106
оценивает,0.0034204079312303106
оценить,0.0034204079312303106
оценке,0.0034204079312303106
очага,0.0034204079312303106
очередей,0.0034204079312303106
очереди,0.0034204079312303106
очного,0.0034204079312303106
ощутимыми,0.0034204079312303106
падает,0.0034204079312303106
пакету,0.0034204079312303106
палатой,0.0034204079312303106
память,0.0034204079312303106
параметрам,0.0034204079312303106
параметры,0.0034204079312303106
первый,0.0034204079312303106
перебои,0.0034204079312303106
передовым,0.0034204079312303106
переиначить,0.0034204079312303106
победе,0.0034204079312303106
победителей,0.0034204079312303106
победительницы,0.0034204079312303106
поблагодарить,0.0034204079312303106
повлиять,0.0034204079312303106
повседневной,0.0034204079312303106
повседневных,0.0034204079312303106
повторяться,0.0034204079312303106
повторяю,0.0034204079312303106
повысит,0.0034204079312303106
повысить,0.0034204079312303106
повышает,0.0034204079312303106
повышению,0.0034204079312303106
подвиг,0.0034204079312303106
подготовить,0.0034204079312303106
поаплодировать,0.0034204079312303106
пм,0.0034204079312303106
платить,0.0034204079312303106
периода,0.0034204079312303106
перейти,0.0034204079312303106
перемены,0.0034204079312303106
переобучению,0.0034204079312303106
перерастать,0.0034204079312303106
переход,0.0034204079312303106
перечнем,0.0034204079312303106
перспективе,0.0034204079312303106
платит,0.0034204079312303106
пилотных,0.0034204079312303106
планете,0.0034204079312303106
планирования,0.0034204079312303106
плану,0.0034204079312303106
планы,0.0034204079312303106
плате,0.0034204079312303106
образа,0.0034204079312303106
обоснованными,0.0034204079312303106
оборудовании,0.0034204079312303106
малочисленные,0.0034204079312303106
малышам,0.0034204079312303106
мам,0.0034204079312303106
массового,0.0034204079312303106
массовым,0.0034204079312303106
масштаба,0.0034204079312303106
масштабную,0.0034204079312303106
масштабные,0.0034204079312303106
материалах,0.0034204079312303106
мая,0.0034204079312303106
мегасайенс,0.0034204079312303106
медицинским,0.0034204079312303106
медицинских,0.0034204079312303106
медицинскую,0.0034204079312303106
международную,0.0034204079312303106
меняется,0.0034204079312303106
малых,0.0034204079312303106
малой,0.0034204079312303106
мерам,0.0034204079312303106
маленькими,0.0034204079312303106
лучших,0.0034204079312303106
льготе,0.0034204079312303106
льготную,0.0034204079312303106
льготу,0.0034204079312303106
любая,0.0034204079312303106
любви,0.0034204079312303106
любовь,0.0034204079312303106
любой,0.0034204079312303106
любом,0.0034204079312303106
любых,0.0034204079312303106
людьми,0.0034204079312303106
магистрали,0.0034204079312303106
майских,0.0034204079312303106
макроэкономический,0.0034204079312303106
макроэкономической,0.0034204079312303106
меняющуюся,0.0034204079312303106
мерой,0.0034204079312303106
мощные,0.0034204079312303106
мнением,0.0034204079312303106
многодетной,0.0034204079312303106
многое,0.0034204079312303106
многократно,0.0034204079312303106
многом,0.0034204079312303106
многообразием,0.0034204079312303106
мог,0.0034204079312303106
могла,0.0034204079312303106
могу,0.0034204079312303106
модернизации,0.0034204079312303106
моей,0.0034204079312303106
мои,0.0034204079312303106
молодая,0.0034204079312303106
моложе,0.0034204079312303106
момент,0.0034204079312303106
моральное,0.0034204079312303106
многодетная,0.0034204079312303106
мнение,0.0034204079312303106
мессенджеры,0.0034204079312303106
младшие,0.0034204079312303106
места,0.0034204079312303106
местными,0.0034204079312303106
местных,0.0034204079312303106
механизма,0.0034204079312303106
мечтает,0.0034204079312303106
минимальный,0.0034204079312303106
минимумов,0.0034204079312303106
министры,0.0034204079312303106
мирного,0.0034204079312303106
мирового,0.0034204079312303106
мировой,0.0034204079312303106
миропорядка,0.0034204079312303106
миру,0.0034204079312303106
миссия,0.0034204079312303106
младенческой,0.0034204079312303106
лучшему,0.0034204079312303106
ложь,0.0034204079312303106
ловушки,0.0034204079312303106
конкретном,0.0034204079312303106
конкретных,0.0034204079312303106
конкурентным,0.0034204079312303106
конкурсов,0.0034204079312303106
конкурсы,0.0034204079312303106
конституционное,0.0034204079312303106
конституционном,0.0034204079312303106
конституционность,0.0034204079312303106
конституционный,0.0034204079312303106
конституционным,0.0034204079312303106
контрактов,0.0034204079312303106
контроле,0.0034204079312303106
контрольно,0.0034204079312303106
контуру,0.0034204079312303106
конференции,0.0034204079312303106
конфликты,0.0034204079312303106
конкретные,0.0034204079312303106
конечном,0.0034204079312303106
лишь,0.0034204079312303106
комфорте,0.0034204079312303106
классным,0.0034204079312303106
климата,0.0034204079312303106
ключевую,0.0034204079312303106
кого,0.0034204079312303106
коллег,0.0034204079312303106
колоссальный,0.0034204079312303106
колоссальных,0.0034204079312303106
команд,0.0034204079312303106
компании,0.0034204079312303106
компаниями,0.0034204079312303106
компенсационных,0.0034204079312303106
компенсировать,0.0034204079312303106
комплекс,0.0034204079312303106
комплексные,0.0034204079312303106
комплексы,0.0034204079312303106
корректировка,0.0034204079312303106
которая,0.0034204079312303106
которое,0.0034204079312303106
котором,0.0034204079312303106
легко,0.0034204079312303106
лекарства,0.0034204079312303106
лекарственных,0.0034204079312303106
летие,0.0034204079312303106
летом,0.0034204079312303106
лечебное,0.0034204079312303106
либо,0.0034204079312303106
лидерами,0.0034204079312303106
лидерскую,0.0034204079312303106
линию,0.0034204079312303106
лиц,0.0034204079312303106
лицензия,0.0034204079312303106
лицо,0.0034204079312303106
лицом,0.0034204079312303106
лишним,0.0034204079312303106
легальный,0.0034204079312303106
легально,0.0034204079312303106
лаврах,0.0034204079312303106
критикуют,0.0034204079312303106
которую,0.0034204079312303106
кратно,0.0034204079312303106
кратчайшие,0.0034204079312303106
кремль,0.0034204079312303106
крепкая,0.0034204079312303106
кризиса,0.0034204079312303106
круг,0.0034204079312303106
курса,0.0034204079312303106
кружков,0.0034204079312303106
крупнейший,0.0034204079312303106
крупнейших,0.0034204079312303106
крупнейшую,0.0034204079312303106
культура,0.0034204079312303106
культурных,0.0034204079312303106
москва,0.0034204079312303106
мудрость,0.0034204079312303106
оборота,0.0034204079312303106
несет,0.0034204079312303106
несовместимыми,0.0034204079312303106
несправедливо,0.0034204079312303106
неудачная,0.0034204079312303106
неуправляемо,0.0034204079312303106
неуязвимую,0.0034204079312303106
неформальным,0.0034204079312303106
нецелевое,0.0034204079312303106
нецелесообразно,0.0034204079312303106
низкая,0.0034204079312303106
низкие,0.0034204079312303106
низком,0.0034204079312303106
никак,0.0034204079312303106
никогда,0.0034204079312303106
никого,0.0034204079312303106
никому,0.0034204079312303106
нескольких,0.0034204079312303106
нерешенных,0.0034204079312303106
ним,0.0034204079312303106
непригодны,0.0034204079312303106
неизменны,0.0034204079312303106
некоммерческих,0.0034204079312303106
немногих,0.0034204079312303106
ненадлежащего,0.0034204079312303106
необходимостью,0.0034204079312303106
необходимую,0.0034204079312303106
необходимы,0.0034204079312303106
необходимые,0.0034204079312303106
необходимых,0.0034204079312303106
неоднократно,0.0034204079312303106
неотделимо,0.0034204079312303106
неотъемлемое,0.0034204079312303106
неотъемлемой,0.0034204079312303106
неполная,0.0034204079312303106
непредсказуемо,0.0034204079312303106
никто,0.0034204079312303106
новаторских,0.0034204079312303106
мужество,0.0034204079312303106
оба,0.0034204079312303106
обеспечена,0.0034204079312303106
обеспечении,0.0034204079312303106
обеспечению,0.0034204079312303106
обеспечивают,0.0034204079312303106
обеспечиваются,0.0034204079312303106
обеспечивающую,0.0034204079312303106
обладает,0.0034204079312303106
областными,0.0034204079312303106
областных,0.0034204079312303106
обновить,0.0034204079312303106
обновленные,0.0034204079312303106
обозначился,0.0034204079312303106
обозначить,0.0034204079312303106
оборонной,0.0034204079312303106
обороноспособность,0.0034204079312303106
обветшали,0.0034204079312303106
нужные,0.0034204079312303106
новации,0.0034204079312303106
нужны,0.0034204079312303106
новая,0.0034204079312303106
новейшее,0.0034204079312303106
нового,0.0034204079312303106
новое,0.0034204079312303106
ноги,0.0034204079312303106
нормально,0.0034204079312303106
нормативно,0.0034204079312303106
нормативной,0.0034204079312303106
нормативы,0.0034204079312303106
норму,0.0034204079312303106
нормы,0.0034204079312303106
носителя,0.0034204079312303106
нравственной,0.0034204079312303106
ну,0.0034204079312303106
нуждающейся,0.0034204079312303106
незыблемым,0.0034204079312303106
незаконные,0.0034204079312303106
неделями,0.0034204079312303106
надеюсь,0.0034204079312303106
назначает,0.0034204079312303106
назначаются,0.0034204079312303106
назначения,0.0034204079312303106
назначить,0.0034204079312303106
назрел,0.0034204079312303106
называемого,0.0034204079312303106
называемой,0.0034204079312303106
называемый,0.0034204079312303106
называется,0.0034204079312303106
наиболее,0.0034204079312303106
наилучшие,0.0034204079312303106
найти,0.0034204079312303106
наказания,0.0034204079312303106
налогового,0.0034204079312303106
налоговый,0.0034204079312303106
надзорной,0.0034204079312303106
наделить,0.0034204079312303106
недели,0.0034204079312303106
надежную,0.0034204079312303106
музыкальные,0.0034204079312303106
музыкой,0.0034204079312303106
муниципалитетах,0.0034204079312303106
муниципальным,0.0034204079312303106
муниципальными,0.0034204079312303106
мусора,0.0034204079312303106
наблюдая,0.0034204079312303106
наверстать,0.0034204079312303106
навязывать,0.0034204079312303106
наглому,0.0034204079312303106
над,0.0034204079312303106
надбавок,0.0034204079312303106
надежная,0.0034204079312303106
надежной,0.0034204079312303106
надежности,0.0034204079312303106
налогом,0.0034204079312303106
налогу,0.0034204079312303106
намерено,0.0034204079312303106
наоборот,0.0034204079312303106
науку,0.0034204079312303106
научного,0.0034204079312303106
национальная,0.0034204079312303106
национально,0.0034204079312303106
национальный,0.0034204079312303106
начал,0.0034204079312303106
начали,0.0034204079312303106
начались,0.0034204079312303106
начальной,0.0034204079312303106
начинает,0.0034204079312303106
начнет,0.0034204079312303106
небольшого,0.0034204079312303106
невозможно,0.0034204079312303106
невозможности,0.0034204079312303106
негативные,0.0034204079312303106
насущных,0.0034204079312303106
наступивший,0.0034204079312303106
настроить,0.0034204079312303106
нарастать,0.0034204079312303106
направить,0.0034204079312303106
направления,0.0034204079312303106
направленные,0.0034204079312303106
направлены,0.0034204079312303106
напряженной,0.0034204079312303106
напряженность,0.0034204079312303106
нарастить,0.0034204079312303106
настоящему,0.0034204079312303106
народный,0.0034204079312303106
народом,0.0034204079312303106
нарушили,0.0034204079312303106
насколько,0.0034204079312303106
наставников,0.0034204079312303106
настораживать,0.0034204079312303106
яслях,0.0034204079312303106
